x,y,z
261.9768373194277,-486.48968817073563,607.1086715215412
334.321583807281,-755.3767628128696,667.0761258679108
113.44740665090407,-362.6471571855217,314.38560071104394
411.2838375212124,-863.2163943461161,907.1708020135542
214.68034167034818,-563.5452969737527,750.654614122279
210.90965233805576,-538.4398795603462,523.9875045940316
219.13598550047433,-545.6339280275208,578.9459969807152
228.64405104568652,-552.8194912790776,460.1690363250869
215.72323812346954,-471.847036438137,531.1214686557795
3.8680201087093002,-40.48696827382881,-8.587826153491944
-288.6905082650977,25.458954564337805,3.053194905431693
38.874997380475,-66.77612051181228,77.31703028479552
211.95257088355896,-643.3665567929372,578.9650540060687
232.88139987527578,-627.6016417647613,658.2632369974099
506.0435850170105,-1033.7922613976766,937.4513011017744
441.134270902754,-982.9988963020628,1143.9406700104782
-269.67184310469366,37.31621620093089,8.035337265034466
134.144873632921,-451.38838569960035,549.7714923115935
93.85653270019796,-399.7953608462635,357.4638767977859
-339.47684273198814,413.4378544685277,158.68459846557724
293.16579730773014,-748.0947653501322,645.7377900081839
118.2257803208723,-235.52903622133513,280.9833826495258
156.77080168553692,-463.19444608808163,406.0983185153927
172.33667737888018,-598.9399584855433,506.4222649759224
99.1110140560493,-47.561549956393414,-23.743039980741585
351.88782603434964,-783.3814623620548,863.3393279680406
164.85540238733682,-585.9617512013712,540.5501942620423
61.69662286875473,-278.47345166789256,275.249659552488
207.88481298467093,-548.867163188335,552.3237979662998
423.87349565103904,-923.7672993695372,1067.010622440133
110.78731949552655,-518.4862652850474,570.2632850410059
292.021670380522,-524.066759063495,656.8711972197094
95.11735117567048,-313.7494624020299,295.08363636054344
610.7626487555708,-1664.4957239915886,1566.6759754648679
288.67364681901114,-712.5122480987452,1.63474232984775
64.07878942725397,-45.64770818186069,-48.66266596654292
-9.567441298620414,292.6799665041288,-140.27157523798266
86.42901004274293,-0.0377363603340146,-35.67289308772907
-3.3482528887297467,-15.884021340670877,32.350098900810565
29.25878039982202,17.679536024284236,16.242344052538314
-49.56008347843912,-1.6346304859121388,-40.946855468822925
16.192096889287768,13.226719242530507,-14.411967852003784
15.011502157184688,16.78610174084561,-0.470294557505594
3.5844683803676545,11.742259943173302,1.3934324013357082
-66.36055855357414,-103.36863877999713,-88.10940554917016
2.613748286271206,-1.94175935611279,-3.7473539226316444
4.048912048079879,46.34847808837671,4.938837421719551
18.03752992156499,78.15706178215254,-40.513629425163074
40.33123128065165,17.3986218852364,24.61366388758811
-15.723400841569571,-17.689496845924538,-11.192395251837516
-98.31919184904366,-17.002455020527147,-14.015263159352271
-33.8013045255027,29.60270835914713,19.42025441098833
-4.35180865699053,33.94358444783877,6.610833764010429
-6.205455076465645,-12.271004828000192,-4.701639880420743
46.60420054745596,7.164869902855863,3.6121700704225455
4.340424488016877,-1.3002104136731745,-1.152120945430322
-19.995520893010134,-6.5671721864649495,-0.8324286939530734
-5.21272039973162,32.7758522877521,-17.367436990116797
-15.371126448233163,-36.33953694369129,-41.31437693637074
31.629976394371592,34.894353691662495,18.17027995746503
-34.00311820455351,15.860821988502972,13.538787061852421
-6.559937343507096,-37.06686777747873,-42.62275947737512
38.926175404546754,14.868727374996064,-36.56881872076951
75.83518818125093,6.810476928921474,45.70466474666331
-1303.381967498753,630.4504586697456,523.8650112979369
197.95447588884082,-43.44371753040663,312.42943668565
176.70209655953713,-1154.8563625714276,-135.43044450844667
-53.830201305848654,-53.06394361416948,73.10336066477417
-19.00417810996054,58.273506529070126,-48.189743656314654
-30.196974828268463,-69.23394729142444,15.943509716470338
-65.76278455147587,29.460533749249297,-1.1350304205226514
15.807090419336303,22.748978247570058,17.19306757755901
-16.50401554352057,23.92970171746823,53.451514148265524
8.652590198769115,24.46354646802925,-17.450623357024767
-17.42457908071379,7.765169885189974,-10.85684671873422
-4.561798880521507,36.15996207569645,29.474622754971218
-129.96691438660213,-2486.663446529389,-1743.9075390798116
169.4443492034285,-370.60497801810874,497.3943474469968
15.878891566913982,-54.17394008419953,27.437046508685075
-489.8037145080089,146.72347799608718,-938.0264021651462
-565.3761958842956,-151.64972130376145,131.7274426833456
31.299686643528336,-889.2636685922939,-456.3227556651016
-108.73081222747197,757.1212682135653,-0.4219147270541696
111.9344588889343,-265.3356416948593,250.9037918418507
-29.399492424554808,149.47064313208554,-140.87688521137625
-49.159216775272405,-4.133179441127041,-2.861775167482652
-31.29644032779912,-7419.902331792173,-4146.5732743420685
-658.7038164077381,238.9700017247891,-1343.5086483255457
-343.84219665764226,-449.3605986353134,-527.265661192496
-141.10580939904355,-5692.163945776692,-3337.5677918139354
14.547023063347092,-9.763563196306265,4.619590854846518
-126.65527805622534,-4716.060110906369,-3181.0117055519145
-0.42344691881888746,-3.079265130987543,-3.3214237973536385
120.82411566045651,-640.2213917861641,67.7611536446633
37.10896560694256,104.42805301361992,47.11308789189679
-16.818069740718627,4.61878129989983,-10.539364208054492
-252.00517914444902,1116.3142500684899,-101.86279830438376
-43.39083850718383,-1165.4178082472743,-669.9722891685618
4.071056141793691,8.391666907235946,-15.710313318593137
3.0855976058145758,0.21919904724712388,-17.281222873473894
118.45327834286343,-299.3532975311245,8.015826599306513
144.76877116934995,-271.3620776210566,304.8513243079322
-4.248333534367325,29.110325903091848,2.813269700286432
-6.218100374907312,-7.527115989668912,-10.965348904875219
29.230930451390105,-3.6739517416345246,-47.53365015603299
0.636830110292652,3.862633060098777,20.58414226689217
9.165919635258305,-15.759935817687287,7.630080648483579
-765.2611911671718,176.95755236633818,-1425.5668173936697
84.18314438806642,-301.196565859371,374.50747652277863
-58.89522842109941,-120.53796176687861,23.733719521243152
-107.21873877043716,128.31235126293805,181.5358330188648
60.345317708502805,-236.81250734388024,304.6997732722565
-18.29259372564347,-16.18985127921017,-62.85884583975118
272.09455945481534,-572.5677662072699,788.022685850799
-34.52359316797471,48.03066035666936,1.9199751233910993
-16.99638930984672,102.12522416305018,-65.5487043050805
77.35721962510736,-160.42212863286102,-64.64598346204272
-403.1350818003198,1689.0188798293427,-168.30475157250387
-7.051578378626939,0.4163720085528257,-6.0328127006044845
-158.87627761249115,-6322.535909782094,-4392.072175855936
23.83103100835217,37.54620678078681,14.000446393360312
28.78360141443598,16.144958655948138,-5.963913247407661
123.09285169122435,-629.0041161567609,74.87535079299624
-356.6519758855101,66.4952671441465,-125.3094121979274
-40.0685897486187,-4.61771344171452,-50.458503772576314
234.02648007456048,-763.5832737574342,845.7262908658988
333.88906215674933,-673.8365071061314,611.4833565740729
-7.355475707956929,-34.06703579123343,-53.01894126393393
265.79666529749744,-573.5147788061332,661.1408260035694
224.9428448395315,-451.5649060059736,599.900732438555
18.493269638288936,12.148925666237822,-8.580757134528893
48.329375457143655,-205.8503233462655,214.0445741479106
-39.68862084236593,9.440964410310915,-185.95144915443427
49.38735403870608,110.39387001845748,56.52442118358745
-1.0558207461676585,-5.839382694301286,-4.154733298667511
3.4160337931077835,-38.920356826793046,-6.605871467826876
362.796716977281,-972.320015524855,888.324025601161
-21.742426799600466,15.964738925882061,-5.797682634677538
127.25920033679628,174.32072280753283,-104.05478536932681
204.49321240611468,-475.7212620056303,515.4461151086485
45.72440417189278,13.55242311033271,-19.708856327141728
139.94720645207278,-130.53851572782207,-17.73631240290437
11.071824025498701,-44.211838097856976,44.81722853152871
73.28158537329212,-216.64152545644413,199.86734770112346
59.55396410363205,-198.0262459002136,246.22792095579132
108.89196774950751,-401.66640571005206,402.25793652780567
168.7420182119702,-504.0048541869496,660.1685463135476
-117.99953189850918,-93.11227322595819,60.4089650252943
-40.49340171994249,-87.44101401657575,83.90797674178758
-286.6329450336266,283.2080533239353,43.041723917810224
103.44802752213276,-18.943428101688085,48.7935265126045
-267.32046936665273,607.2946826005009,213.4186288934249
15.757509236083266,9.767513509470836,8.04663671064845
411.87658593122575,-831.3156104153979,809.12438737274
-8.981314705870776,-5.239791314613953,-0.4816822328107563
332.12020520595553,-755.4162883484986,617.67773178819
-199.11179957154317,-57.02608385811101,122.68465310375751
-10.849131954724353,-2.945857666799322,2.4666874135039065
251.623477493947,-831.8264537553546,790.197471842731
187.4212842554154,-685.8658232628593,574.6837143412114
-49.324781935234014,-120.94240276761299,-59.64972086974163
9.354865174043022,20.24352769576477,-37.722687894240536
49.91418550885893,-152.70423819581256,191.6898584224626
-370.60299953977295,340.1487506479167,681.5126554428645
-4.066865875525202,6.577735753806584,-17.62217142305633
41.45555668968953,-118.86851272252589,147.64998676492536
153.4508320853785,-430.75102027528123,446.93716290448384
-198.58043596601698,-129.66968151361175,254.46258398378558
88.76074431848362,211.38937970562296,-90.22824320411392
17.455301524170174,7.944949036986639,-33.91351320624255
768.6085539738284,-1727.5378053136978,1388.7465362945802
42.57904367817684,22.84088410828044,-17.11751073036065
175.7016364958497,-1022.4699292323953,126.82827424585201
202.23401927494098,-1077.5430314871273,125.1819761045277
61.302755333507136,-112.19138541566923,123.26675976528679
42.67520189368185,-8.314928852751402,-6.954511173847864
4.1925238656699335,7.9933201008694414,-12.140885043967122
297.8889732490831,-728.6179987563401,686.3423206424859
21.185719215900622,-7.025908898185151,-33.85033080635138
0.6151982216666053,20.149207473118775,-2.1174512044608735
219.2363555701701,-428.14721873733396,431.7273806463929
472.00554431576796,-1058.9963863911391,1194.4721634871553
103.9707436666446,-196.8456072671202,235.19942765670908
31.95280062509114,-163.61517860456343,179.95180930296306
-34.62832742551533,58.63202491970877,2.7766462388919337
249.6921175827335,-149.43799701346265,113.10269788848862
-631.8305976936008,-4380.538690443091,-2534.101591757773
43.19572742707874,14.157339630619571,13.95388392666379
22.732815437146247,-297.2521847243599,-17.612705041975754
111.34474767645341,-2502.8404816316743,-1250.3566973750314
-145.42932753552924,-134.5150476586879,20.637261808308953
-7.9314424379855195,11.012576433019754,-15.72285855561323
-62.49541081013176,-16.02572897075911,-142.53413476998637
-27.33210507327307,45.72444475705327,-1.0820068450541254
221.4422229320968,-405.73278369367995,523.8802186140158
88.11302686476574,-4892.6182298917865,-2488.8999479744643
34.479361490574185,-53.34191272476591,-133.88502883842455
55.20761697900689,-209.8551268426851,254.95485085469514
65.06243445744215,-157.04809975354456,158.98218921084134
109.13899851859075,-487.0763573867547,522.7599000518396
182.414615492024,-516.9957397051652,641.2967848091912
15.18969402212894,-43.92513553753319,58.97154332865504
163.05990427882114,-315.4758542135501,318.53581231756755
517.4182537885196,-1135.5306553211017,1323.7174813276692
-55.149059631764445,0.7401618906432779,-11.832048906158612
-54.13949149345473,-7.992111329230934,-11.255101238608294
167.24314609095129,-379.1102543132867,331.24251286499407
-6.719860498789935,27.611475469087576,12.798218089123875
183.24288197903635,-487.98185317207407,446.4095494439667
170.88703784963624,-460.53495439191545,420.5443123943224
154.1954021155274,-151.6481079272279,-51.65631958940394
64.68704159069645,-131.85149492717355,168.81340285863868
52.421260737154334,-1961.326153490003,-1200.1882065154764
20.175103491183688,-49.679571707681134,7.87766299808487
2.0283552560837146,-33.17414369703005,-30.536174851541563
283.7071172185513,-734.7911005195741,659.7316217499147
42.50607222117159,-83.1721279778833,79.84592107903286
103.59166793158288,-339.4392501986753,378.82769034973376
230.16912981503927,-425.77337622268675,534.0637516150315
9.417430663844845,-144.5252468163728,-202.55308703734485
179.74957851086302,-1042.5202172961153,80.61653958107911
1110.4259863345524,539.6805896792436,474.05874118762983
88.86766392447605,-17.718226464568975,138.1099439416171
-1.8913945712281846,-4.640639607644037,27.821988223308086
-216.86188055368868,-2276.8034557450255,-1172.1932215595803
129.10395135663595,-243.2026884348472,308.4376657967798
10.783115597778393,-26.39740174486472,28.136544552861523
274.51081258999534,-793.7463152624729,869.8726955011449
265.76838262080304,-663.6778018148774,655.469197522885
23.67607119562094,-101.33281741843014,104.5720779930426
83.31607523371703,-181.3576182139095,180.18001577430124
3.7446542882378426,-37.755179157144575,-12.343679981411467
94.00725162446858,-407.8701941371318,361.0957908651833
188.74421397523673,-539.9130463379003,526.0149880801862
159.70258244179502,-294.34583803124247,356.53124782563907
-65.29163814140881,-120.12853796381614,-45.25051067653619
76.49630854468906,-229.28026254516635,204.58331201555845
325.1849708954492,-715.752844636977,622.1085122370545
-7.952266944359553,-35.556267706197424,23.983150446529514
17.058717514816802,-33.85434379104796,25.97551166516676
937.242965821199,-518.4447713223349,532.1266790034254
15.757434271511842,-18.854392860008282,22.317780499401202
-16.180592689871524,-15.967840661104669,4.102009852017521
581.6955239742559,-1579.7133903670906,1503.8715051769645
310.31254019762264,-656.8066877987582,823.9560089949728
122.28010016590562,-430.58789759166086,354.5722334123323
79.32874078463738,-263.5350098229635,317.3245839816612
355.56461971229413,-815.0881891833709,721.0474773984198
70.4881691101476,-157.41990276342295,193.9272294404623
104.22382401030087,-444.04119464888436,520.5983015372423
-251.88542605159128,-45.10332312980179,-89.5335635080892
190.78411269944715,-198.25384582937883,-94.58546331939996
143.29982481269573,-431.52444727858676,429.30254661550873
216.81458248648147,-561.9691409819407,485.60676248816026
5.176219191497448,159.9791435949162,-55.21291056916635
123.44228176742693,-258.9581780955174,354.4322916912362
102.41965012965872,-234.01789894995667,236.7540050756611
217.9844779089145,-754.7154358830793,750.2031163828846
116.94602819361853,-337.9858896292283,317.12066625383545
298.3108839302244,-870.4816795566189,761.0955817668738
315.92528595612526,-1151.2089851050355,1209.1963208705918
143.874649557194,-467.6420170232756,522.7837313404052
415.678500183564,-717.0152256979115,851.1430846823087
315.1479295501718,-691.1055508485147,786.0526613952852
-272.394511422432,-119.05564189051353,-686.3451390969213
195.72953669436666,-709.6440669821438,611.2891235278533
419.4658642683106,-1298.9155783899942,1171.481229653052
198.05028532942302,-517.8983706600849,625.475260700664
200.9177264603159,-512.9227952998814,613.2122384262839
172.2681843209387,-350.8479101759077,467.39190267372555
236.79884035258942,-510.93061864253195,639.6310418962079
5.855712627633534,12.715664731827717,-15.909318357815522
-218.61066402528505,-236.20616703588536,13.170164184221846
239.4003437640007,-53.105331320836015,81.55548213935421
4.988716997483308,-1.766969332886722,-13.91193154294755
32.93566754249965,-3.901959757312083,-18.70065569952701
-77.2207462161966,-265.2571506694893,-151.31903514600407
272.84767742793406,-638.2444354753084,763.6222809786178
303.2519946297136,-593.4133501750498,710.5043215654104
171.6150134433902,-358.84003831883183,336.5700298246477
217.79319354556853,-826.9521858237886,853.8404071057314
393.92752837172645,-743.4710441746158,901.1738560704306
241.9094460386303,-625.699446682206,497.79480619514743
346.6798411612172,-813.0733361367022,778.0416700254341
147.3678541996306,-376.2754303884714,397.51533119436664
738.0469835690817,-1526.0929661318326,1422.8622157002853
204.11741287621808,-388.58976753653116,442.96981749056476
258.15173336540886,-714.6339201868384,720.366478661262
143.3099152649918,-351.275644845703,413.40297740337627
596.3253817802737,-1306.880414202834,1356.9204930715875
273.8982525694867,-622.2365911225463,609.3926615439135
-96.3749987190962,191.48390399190527,174.1789041615345
46.716931303146964,-171.13761887664631,200.9363616069745
331.1556648498761,-753.3906158866326,856.0511120440162
215.1375593378996,-653.8841395740761,728.3103337009588
202.6812146950711,-690.5173835362859,657.278900416659
405.5918916510089,-1254.5160919649609,1205.4855382077042
127.56207766313935,-428.8361890005047,400.14584519495713
204.24333692507025,-527.696912988546,487.5659654580815
-149.74726302241322,-103.62424257047195,-67.2739438786829
-179.2992322088373,-310.08335862689046,-190.94868550474155
78.59904742672704,35.57881195764347,-88.34245396350364
-22.290648135499957,127.74608303796253,61.803519925302936
183.1329255806125,-509.056980337359,577.2886755403189
195.2941335325438,-357.2504151083527,448.42012077145085
34.48427977113751,-147.77284826854344,144.78966954609695
184.56658410722676,-458.5232435558889,386.3657003086287
250.2438694781496,-607.8568727469461,727.0203072039362
243.05200053216845,19.56848927886697,-66.55757917512959
77.50224921152581,57.795202819215845,74.31995044562565
316.5649663029731,-336.9250387524944,-222.37002156816823
-30.192332407053577,8.508233661793891,-80.31988397768201
69.87970291793901,-370.1493998290074,415.5697680911428
89.50473458930266,-189.97934211836227,255.29704792529964
58.53269822522441,-108.8976763874451,135.41765963451775
187.20919892225015,-558.255457166833,504.95690056017605
137.86014878353356,-535.6308760865708,643.1399478154926
159.30611403016593,-493.04208216283627,554.428048140733
166.66052629915296,-413.4988245446953,416.82228509263354
171.6716125117563,-329.6391471991381,398.021603327556
425.3139924496048,-978.3144091748738,931.8321727797315
156.0994133886939,-364.90886560729024,454.667959989382
608.5928233491727,-1470.7466629839093,1266.7644181889455
88.73062450548547,-345.0140975675214,411.3459849366898
-287.1783392616058,-275.58641650128754,-14.300373244251123
-237.07418143171782,444.6832162068064,108.39566175106617
-14.635316655034527,-2852.158219661201,-1659.8130308939776
27.069568673772384,18.64680037950688,72.44291849223596
97.68861736321769,-213.77458795586062,243.919510097009
281.01374892213033,-693.9766630485982,571.9419778173851
229.72344708694635,-733.4388932618917,696.7734837874232
288.19941606736955,-763.6573298855922,915.9309480470865
-8.460314738977788,-72.45064350384806,7.2817347277798286
91.62962344276367,-234.23553655620395,193.7610397447448
-22.128212034590188,1.4811791832932852,13.303422101820141
339.005615166664,-702.3239027126326,712.7175590400227
-46.27514057081195,56.500283554953974,-64.20178448860585
-57.47402624144549,-4.494368582411932,-85.3903495697439
225.87439056289793,-464.2131207074379,475.6945682545694
150.22243358128003,-26.326141183882015,286.4722784830746
255.9191683305168,-634.6764081705886,625.6021862507331
240.49413419979558,-918.1949447333706,942.4866720445298
58.72874929747346,-234.98247118732212,201.66981323354733
174.56926228115103,-447.6974617931157,528.0503277781546
428.72271183013856,-1171.6635691014446,1503.9381515213572
89.63369325737662,-156.31582791135335,194.2999048544046
-285.74536575533415,53.908375038244266,94.26654181673554
163.82822601614527,27.464190029950075,115.07192842045193
129.74621397089615,-198.3074761253404,77.47916170181495
72.65732871295111,78.92835329097483,63.63018569101646
-292.1073921017714,-262.4971217280683,7.300838649201982
330.34465706061235,-324.26689870654627,57.29859896842907
-6.606148292506001,89.82059075371788,41.226229776084914
323.1767061960636,-577.682230976007,562.2209139794129
407.51783005139055,-894.8625923100868,955.0996718532978
109.37209766803177,-377.3921631276824,325.9549554624125
28.754832947956864,10.87288836481269,-14.116664986866242
169.30653158921652,-34.46182649510897,26.62731679780442
275.36718161993446,-87.4262084649639,-54.462476634235855
-12.24869484257021,-258.2848309439258,148.56145319335454
3.3857732973534937,-0.30170380252786727,-10.930555045580634
56.3766781816978,-160.56090866285112,165.53277490441846
50.50567129444867,-186.11167076205732,185.13025010044325
62.50509728818357,-122.75100535598007,131.44521405547965
301.90109586077824,-920.1501386581879,996.4106186936081
130.73674698665144,-557.7458346770743,503.3687973084168
549.1456430315098,-1084.6748992662715,1402.7454737197384
95.01275473223338,-178.9134594183161,222.87608657315172
154.3922725397192,-329.30778777905635,410.8232389776473
230.01734577981196,-600.9559628895144,549.1895776577948
135.573038870022,-493.9736704653453,457.3821626906124
-138.155315659344,-25.90199537835258,-83.26030886014544
279.8757133221146,-517.7106827498989,538.5187391902635
251.096518542957,-894.9287738605685,901.2631270567026
37.46430907172369,-8.738796428069685,14.870600780638238
29.73617564513534,-101.27957676317934,79.61626080564778
7.413041776964309,-26.242732869213203,-5.32288546355253
112.9355562329042,-400.3982242988272,365.94226076351254
201.78312911011756,-502.4575785462638,548.8415318213033
169.69468213273157,-453.9875476563373,389.61861153422336
134.12192767427592,-343.2505158825574,291.7025743172222
-479.47106710296043,270.4699471496386,756.327595315694
354.5474698172875,125.90423568564765,17.76130756933556
82.55720272025144,-94.82818695533298,-102.63618780319021
-49.95769390372305,134.41814889053902,231.89812222970411
-5.3433322442597655,114.83751478851966,68.9589831836577
188.25396301576424,243.9420098377266,126.37133776766689
-26.804378272539463,182.59708510777764,-80.19306697941917
89.84524419759414,-283.14815530579097,269.0419492700021
57.59968129227615,-131.37561508641105,158.80404426744107
241.23240448385457,-587.411851050378,507.9719216024705
249.60791090265192,-769.3232389502577,656.9956812840543
60.08585314341507,-255.45906358248763,230.90010932562697
231.39890958049295,-522.4225941209761,524.0827085306943
280.2757397637959,-593.2700594860173,574.8551607720976
98.14061865565239,-258.0064915249506,268.28778046133857
337.17942210601785,-626.3444635061547,811.8477402082007
353.48091168385764,-908.6823659058861,1131.916165388069
229.78037696350992,-652.9335437667451,842.5912225312505
184.97086329694102,-454.0999698493999,426.5837592723831
197.87763395744327,-547.8580173728697,662.899099579772
144.54749391709407,-310.35734476801537,344.9310431953536
161.22772511663305,-547.8549594487582,577.9756176839252
308.13301736381356,-662.4866847117983,592.3374859367269
124.7762067386803,-366.27668053546915,322.0560473331063
264.13363400915165,-784.0481365394472,922.0369618806719
213.5775745365233,-517.6368921859481,432.5233010881251
171.1425236014185,-533.1018537508264,572.8847675115568
77.4324527444781,-292.49004015072086,298.46070373602595
189.29686307120346,-494.83124348601194,575.3002501698475
198.6203297858574,-385.56119309887106,371.060324018794
266.347723388993,-672.4725345861647,573.4912963260733
275.8576846094271,-580.3778188435647,515.4775995640472
216.29833530502842,-536.4348755053448,576.3863764583951
210.144357848401,-375.80590874978674,379.93034071686105
340.40416512242757,-668.1215721721803,693.9219875212751
134.345455720073,-497.54447179230476,464.5885240901698
-14.085894693357139,24.62175575647767,7.808680561785836
246.6497634653722,-512.4752181561146,459.6680411278543
169.70612393712818,-333.3382865671847,351.3770291904261
46.553127022078144,-216.49477928954136,206.78271529757757
120.70086537405152,-304.4083171937387,286.7628711151973
6.755083420203153,-0.7897272997072917,-30.389771322407043
225.7652804985733,-764.4831423836247,734.476991629186
66.91419176288319,-160.4171349476784,168.36431309781304
289.0171199678357,-673.3459690196759,821.8853450271827
84.67160818181745,-295.2865376532428,266.2750594585697
53.09284748518712,-215.07858173614906,185.2199324945382
60.42255206491862,-176.9952315049035,232.6868244024311
463.2041852903574,-989.0616839725385,1037.7775120067415
114.22580602727255,-251.18336530840486,267.8281762506781
268.9085245083086,-613.2749307466202,660.7145442174651
129.64007601779008,-256.01544204807465,256.2011275522232
422.8071311527346,-982.0485050950632,969.3657553199135
258.6730852133405,-563.7786643627771,556.2425458561535
74.61984065515333,144.3903545297293,73.73351018620096
193.91079183796475,-405.2446375075576,531.134927377349
227.2356154984908,-732.1503113307591,697.5897195108988
-143.27216297923403,-332.5470523473281,447.8098766344433
-38.43165231407182,-4.352453201615182,-0.7500191317879087
161.1030624019247,-482.9592174455217,505.6097242915042
226.05194707144213,-507.49696515807653,515.9157842909557
174.3630753684508,-596.866531713868,617.090715538578
89.65629580033684,-218.66419728825548,202.5014832825808
119.38727076183045,-381.6793411607624,425.39263274312566
251.01926478216689,-622.0396637981252,525.1080672301043
290.27660154139494,-575.3507650664321,575.2881475921865
199.18975923219796,-386.28875422737036,488.1571449589623
72.6198629897632,-328.4304517039289,323.5758861811264
210.9347824312682,-648.7310619663199,709.3075340257739
466.0415032670325,-821.6541888214113,896.5228051337194
366.21054049531637,-670.6844524254622,742.3512929906474
315.49684623336356,-689.8617300692374,602.4739385954217
140.35812428413945,-491.7296959848175,415.550647707493
506.1435347905317,-1131.0665639127224,1229.2692352322226
297.3077415532497,-601.504191244289,818.955953106185
127.7501184362655,-403.5836654428703,413.1738198182666
303.9444376173115,-1117.63592842397,938.8342739468918
93.4230377722268,-272.83089113058577,336.11034423132463
59.903028182247155,-174.25126678113702,181.86178457489603
206.57066894365457,-494.35499077573047,569.0847539236124
85.55843112447043,-277.41211689036606,312.57207227441984
76.97615325732498,-332.36566515014226,390.05528079364376
98.11687980022093,-291.8183568274424,305.0236323398574
151.03567500769879,-389.72967770878597,422.7132012180063
-35.37377259313833,20.261049280205302,-6.833899635934696
222.27424733758767,-609.6828145445362,587.7197835538308
14.590722257044465,12.248981461920225,-34.87619281362749
158.11399691831315,-432.9912270552762,497.1605997026332
159.0442086219985,-677.7151694732001,789.0602678944834
580.9347484454817,-1228.5593058376376,1095.8420246496878
485.21627712901795,-982.3610878382046,1226.4884465865935
-5.372662657705067,12.121094748773547,-51.430517225259905
92.07956250388477,-311.4252104926147,382.2462163510894
135.54955256240876,-679.6112250299542,676.6331218240914
-2.825619489719324,-14.311579742052583,1.266184455831145
138.05997478632952,-277.30164242722583,284.83509543797624
136.49827464397836,-361.74512552285904,309.65825250373683
49.4736112316914,-125.79658372764763,114.81453452916313
155.06745837690235,-459.643883082346,452.9833061145966
113.47169820460591,-455.68932443840674,544.6752691791976
275.60185019612135,-683.1190678734557,814.2051830934115
265.0442980073275,-639.8858550831848,725.3869699396761
136.6482191935242,-300.65605368171,282.6364828393166
262.99533019677034,-457.2536226263408,535.6488915939055
195.13990817919793,-736.9891144529431,753.3410259727534
124.61692995689617,-485.0012095810784,438.9569901676118
368.5627698720862,-685.870651755659,664.9166441927011
337.28165387263897,-901.5980496356258,844.0391610311533
298.78192387607334,-702.5992610994898,798.3189649929178
42.8642008602954,-108.78346433119958,124.9284117153135
87.42495934470064,-152.05739836971344,181.95986748074893
132.66869820953448,-388.83777673664775,440.37591183202613
199.51509231516332,-554.765632681254,700.0298748469525
192.64312669036107,-502.548702100588,543.688034060872
43.745141621160286,-167.51834777255823,149.02463710775095
44.21095076131626,-95.03157640096109,110.2133211346467
179.43934814609216,-461.5950648314633,478.39763041756675
442.28801987867246,-915.5184303946587,866.5388378367722
91.7637804124673,-318.3593477917155,270.9725864401157
158.50061793609044,-469.3262890439899,467.9257502105166
276.5956492978047,-488.84683012692386,482.6164852482604
228.48746930790023,-510.53281654024687,448.2718581550196
183.04572107660047,-514.2008177100581,529.6992781634265
139.53987112685385,-308.67889986194274,350.8174265496538
180.20812681500405,-499.57804452718676,629.0263897645468
382.3685279945955,-853.2811418158215,852.9210244335251
273.30243913075896,-657.1998766888863,739.5624677775979
196.19179663639596,-541.3412743569343,611.9725451122733
153.26633249551023,-395.76983095823306,390.82266968878275
205.30346291447364,-412.0739667744517,424.2866909367926
115.14003363975559,-523.9179076062478,611.8673427401785
116.75282842454202,-243.90773509653016,266.15853469492635
321.3863503873721,-657.0679826790199,756.8301532198676
166.9465326836338,-416.6715631113695,367.4938337989365
92.97194414242121,-226.84553597549203,212.46438520225044
58.91071416674819,-128.4724958343179,-204.34460396708516
-228.14991446876016,158.43299229164734,147.38047269028627
10.635183121150677,-16.519381607165396,5.704100885015752
136.6372115895724,-67.37644647497713,-47.307032811527826
444.8877870314353,-174.29380497942603,-116.75882577375504
304.94228496717466,-777.7429225277181,660.6977793946655
161.4614256972681,-361.4860849442562,418.35414967163837
199.70988429906868,-541.6976765535278,507.76499380103206
222.55268020947756,-579.9146093588165,625.3338001418036
183.31670759552833,-571.622343509101,658.097785805042
118.58167710074144,-272.57361092195674,298.6717301803792
162.1338398577683,-375.53742119850887,461.4384607090627
83.17982612208795,-264.7962635552046,266.46201301968324
163.29579431702047,-411.71034468508117,396.47990043212155
296.9316357963737,-593.8330612252257,643.525671348212
500.51665648266686,-1260.717714411573,1078.753693459388
168.14624012254998,-432.9444960353559,463.27303535317213
-21.752827192096106,-5843.348242086914,-3477.759068165723
-83.75383357436166,-29.159948337867803,105.17151685951387
-12.168699188084661,-295.32449722954226,219.27481614674304
-31.934568487637595,5.45088741827529,15.295253421296167
56.432460138125776,-239.53244398454666,246.84461729101744
278.5117799728124,-799.7948904820521,984.8089032777771
221.1607959983793,-551.7699260876082,591.5060650607386
138.43564783008648,-534.475120720077,490.69958262680785
31.362138616103035,-114.74538386821216,106.58513753033758
23.17005159337208,111.84060788039307,75.07678002621475
-150.07564301872694,52.971410431651634,-10.66836905984911
22.095507791052718,76.95486559413304,-158.9155757685333
-585.9706247900476,99.90576840635491,-244.86139299264215
48.07043608975172,-208.65639071587117,188.25521535555612
140.29361312200535,-433.8928912881872,465.5466284731857
86.51949406014916,-323.6065169220913,302.44953413276744
234.46715618133348,-591.0208431498311,581.3331982294671
141.39474207269734,-600.2234066124653,693.4609761404909
209.6378124953087,-492.410000191334,509.3112982722377
341.08289097135423,-1089.1141610462903,1223.2011483378596
142.7696192256947,-600.7532199696894,552.5188747782288
248.62315273470867,-481.36867680682644,561.4892255862962
203.26969279170825,-482.24617005760405,549.387093465197
-72.47956510526696,44.96524276667467,9.290209151864241
4.617288757650182,4.692436307885127,-1.9618438085175443
-92.8843633396789,30.706147840544066,-16.194252188266173
106.06005666128638,148.07904027235395,32.30607387200269
9.477612578873881,-41.92843830076678,89.7975387673491
-256.7223728620971,413.03190983153854,273.89713509630997
287.4884890776623,-569.0462044440591,677.5190685550135
273.10592673157095,-683.7962058702325,804.3929150120383
194.7249252721468,-409.85196009130703,474.27658458653684
309.48145606725865,-620.7618887860846,732.911124067047
14.164250740704238,425.38679987905317,-101.18149408667969
32.41237764576446,-9.55646244226449,-31.52267802357435
21.808057147786077,47.279950937990954,-129.53858963158456
272.24493197835375,1.5478930155757566,-42.76091215483926
-41.032416090978636,-76.40961220218979,213.35127285499792
-15.667184861719289,14.507188196886132,4.484937052940842
-218.09755628361768,-147.43886034285367,-93.44335666014315
294.0386871198323,-612.9765987928844,785.6851531683366
15.570243396762953,23.426769514104333,21.283346721288723
-71.86880609454487,29.130766606592747,1.2686927984867216
-29.769442545469666,-5.163066087283563,11.013272055130708
17.87416055286197,38.826663340128114,48.8594663728828
143.10374993244912,-436.4338343229147,444.60468298756115
-93.58760986840568,-51.66622819825937,-11.492626631213708
176.6313809655571,144.48020362882772,324.1023679357692
-16.66043233423782,32.98605864135973,93.70314006875682
278.77695545771684,-546.7657067318079,711.6526235346798
198.8891612639254,-426.4658226939272,504.39405052173646
78.84386641369193,-252.72630393665077,301.06391792517996
60.563643944442916,-210.70657226481418,257.7356957438829
230.47446138971844,-698.747954566144,703.2422474771755
-3.501439504161871,-20.59448749786905,50.55877101303799
-18.367221822055996,-53.69479228067977,159.63498528979804
-48.2102249463849,-169.58591036351152,172.06450483989428
51.07509457154555,-157.21284428269018,203.72408671547478
112.81175326684293,-202.35588766099653,201.03184747146685
114.53852019335216,-487.52050276831915,426.53777142996654
16.114126407910334,-44.27351219738297,-7.736437517234198
111.25372393002635,-297.30104840802846,296.88326148705085
65.99061501008913,-298.63855124885055,342.7524089814364
163.02929005648608,-272.79085131915616,310.5296148586286
82.56816948983064,-210.8393674785126,203.80832792935453
406.6403819757606,-961.5852814811975,829.7828936446768
60.064599050958556,-217.48307114473155,211.6427091002741
151.78852043489397,-477.8955535979334,469.9060316185679
132.95900591544904,-472.42895808956087,554.8416628375951
22.31725158962187,46.132567362363524,-25.84911134512195
40.82934318624658,50.833076503035876,-226.74510701934938
252.27721694591798,-478.6701470267597,164.52270006416296
-19.44998795571854,9.21686023942448,-4.46423585950831
54.89834120778092,-163.78032791265477,149.85260760312894
225.61380568146132,-526.0537021853955,596.368145420232
81.77360526065158,-183.89631969157887,244.42213281650206
150.3040801888893,-355.59254812466264,336.31328132677345
368.7712500937923,-762.2909790336149,1050.2723386285268
237.70687712236457,-479.5611158587095,668.5556481057374
247.7940629969277,-464.7083078097409,614.7203551901317
66.78517863943419,-223.13310539646707,253.41293039272475
54.00522737763511,32.32787088660135,24.516310176475645
32.06302901993587,-114.22627340928716,142.6071410171788
69.97933950795061,-297.39328213802077,320.58182652359847
64.64178995725494,-48.81409288963383,184.9581089070829
71.5902674322434,85.71799808357846,102.72136611982684
-5.450093170789411,3.6593477466929345,-6.7456105739501435
400.74427720720894,-861.3669362094516,758.536429903544
20.27357054415895,-7.044893869735501,-2.408213967896908
59.72620707330234,-217.5750827343586,199.28101881959054
180.12765517233146,-113.78762714182642,-32.35868898071028
-17.6557390599116,54.59471411723778,-125.95752057620612
439.750294376847,-941.9458566136075,1113.0528656824588
54.47875386608252,-56.86814033696751,35.65896047704934
-14.02145576499775,-4.554922755740463,32.85576351508893
-9.808716302747644,-50.542718274597654,159.9866844550098
-242.41746279179992,1202.8195218183225,-823.9440830944344
-337.0305703708428,58.485039695427794,14.951454890031727
163.39267659246505,-744.544044709546,754.177889309611
221.16546018519207,-357.80710558699633,412.0973890981697
44.21086721860883,-170.1303387504368,202.30342326673605
4.703489534261349,3.5698628330648883,-36.861250100806345
28.14988131421567,61.682567138897205,26.50765876479872
-1.2296457657404685,23.974551282318572,-53.480407174424855
-4.625853724066161,-30.496647123362262,122.6404810474774
332.0257192018403,30.023629612278235,208.23808642370255
-136.7534682295719,83.33347527489845,136.23481320789983
-63.04747657898638,-9.294781447993888,-11.404894072993084
-7.099650614767135,5.156785070810828,-3.485728755626178
392.2538515205113,-957.0178296408548,971.1653322770705
270.8935508568675,33.520435980578156,246.3036123158362
14.021463728589618,-22.76468799973332,7.661042127063629
-67.44242769055235,-51.954914636060565,-88.65141788129661
-393.4884679584722,-1.1336630490242625,-404.6270624572529
-19.046358523322745,3.827393831194829,9.35406343264695
-90.23244366596956,-50.81981193238382,98.25121284861969
-31.947828955589088,-131.51780541622554,87.93385629849436
-129.5341320363011,302.4555361231701,220.5554111919449
-22.650660407852403,-55.017249815114674,47.06848011524711
41.134393619593055,72.48235063986851,149.6812288440589
80.84711159944979,60.42815036809516,-121.5092282837686
655.3258236040509,-16.48683439824561,-378.67118605090246
318.59253028160936,-363.17886842971495,-343.6853896456374
35.589415622250876,44.96767781734644,-54.63706353183719
-5.489355130926512,18.496402964525217,-76.35787691463452
-363.46580897321843,12.331284814276758,16.476996882717444
-492.362796674899,16.24238977098793,36.64911034390002
-124.27050221828378,3.623844579936867,13.972160351069078
293.30890530369635,-937.2041225006337,1081.932364492977
306.29776147768956,-916.7618416044699,829.9583647338808
75.06727808448285,-273.1518250271149,231.6967100982301
-34.47437273614124,55.351868065992925,40.04071548991743
-13.332854896992737,-17.658674392870427,23.774223264332303
152.2696387587226,-28.539550298709134,3.5160634288324197
187.88528603827558,-463.44081875974877,402.68003849037405
-279.83858313547495,134.85133270600653,-146.67962053790507
20.98540456828111,100.02027412793281,-27.29018870361179
7.6877462598844435,33.25166295971359,16.88802077856502
100.41206119629948,-194.15110295679946,211.2788848583049
-62.484844874940386,-110.35620969736968,-51.187647173754726
-60.19337357234731,-115.02307500970464,-50.04995722567302
29.935901424282438,-1150.4957248462333,-604.5357135161294
30.915896225564353,-104.10319165032446,126.86895935880435
-100.15976441671286,-2672.382739049227,-1527.9851169509932
22.465035930538722,209.03413982828476,81.94396863643286
391.2217508948133,-788.3462088810307,897.7232659175671
127.70904914370436,-41.417207362664094,-34.70821145044772
65.5368406983405,-4701.507205172664,-2445.7176701779795
93.175986233699,-120.44455826418151,17.159677675402786
-109.14965582010616,-6.623247096803222,-0.7508936323145187
346.2015006927294,-38.733181076440815,-9.608831240154418
-108.68857135932288,337.84980947126365,-256.43966487480094
313.11750935953285,-879.149771190747,977.0944038565262
-9.528084396099436,-2.7742846982397413,-12.907854470976938
370.4401747814321,-628.4534778211782,713.9255013811791
-741.7885525085082,45.60333689412539,193.812283038132
173.89286932759816,44.929487526122564,125.69115244779512
15.68436371991965,48.61731295397817,-27.643356149285022
53.61041707800347,6.869565828868892,-31.77887422558185
-139.70146144287156,211.93078667207766,-8.787693456202929
10.271999825970948,71.75536125755029,-18.445335453271163
41.55024834002855,24.584037716114427,2.3745566627515453
-37.9046747409109,-14.616820578147253,46.54462389075673
-15.469990201866958,-1.8663689150804212,-46.36166233286898
-45.4768872728347,0.6577783562203726,-2.207824868048531
-3.653769235520659,16.475275105464924,-29.52453439061843
-119.27417470191487,-288.66047663725743,370.8507278956432
-163.1092457270129,124.06078141832347,102.35226895990091
115.1918925667465,-753.8099522385294,74.41621652595077
121.81450828839995,198.23149123639976,-158.8837814776842
-27.46354626632756,-21.399639127814314,299.6601709398107
-75.62962870065536,-105.76217777769958,149.3361746641425
-66.69121506233994,-40.22108780939671,82.12481165845996
-18.577953731915983,-90.91039143745512,195.11626149509806
-339.58326444344783,-48.55552966544949,-58.0672535758235
358.1750224598077,-820.3614013046215,832.659519933228
656.8452427597741,-1256.769724912454,1231.7193843190612
51.063182764125266,306.3976959407811,-186.42620474916671
-249.43189054243075,-98.84196783752405,-10.691239377860441
297.62426561958085,-672.5171410410899,583.3749589632077
-46.461119634528586,11.482348939913969,28.14449449427149
-62.41708895451728,83.99619488978168,18.60370316581329
2.293961464704021,-1.594247071947466,28.155554256878695
-167.3194310762937,-226.14687067370608,-312.0338699529194
109.04373795009906,-76.31202561640653,149.94325601437043
16.74101264269571,-8.748652218754549,55.85041564117839
34.94345605533045,-5.126717476883012,54.15042277638663
42.097458208101465,-76.77693670258294,92.26700604216397
223.04017945486373,-518.3358466030601,633.0276747536644
82.65875931067953,-438.40381649908016,177.53435502251378
40.08346739974394,46.40131508025065,17.1850241837761
19.81166589238647,1.6542367763664443,-3.49337863624419
-179.46041518494604,-16.726016446726508,-237.80661348976528
79.02188794950621,-190.02617055939658,157.21233465738877
-88.11381131289113,162.3993272801449,82.02344700677118
-14.369611810134495,-72.3223562081387,24.443489377115245
-0.3049595649996717,279.17404105494575,58.75010912087882
-2.460310104989394,-16.171787629598445,21.54325507184218
88.71270317963767,-127.31445043133898,-20.560347903856893
20.08186648065055,18.71680218421809,-16.37367553880841
-285.8430612306265,-6655.387791968735,-4608.04807731645
14.473995768200613,-66.66259508315753,68.02797060240069
-30.355248928914033,-29.52092669769689,156.94020024637686
23.132120372798187,64.0742537042848,31.780009776388066
-42.320500733373656,-1305.8545694191953,-757.002522284229
164.86464993725315,27.804963009538135,153.0060815853579
25.4164644573118,17.69301215250575,-25.458593531474765
-13.740420290828949,-2.3520061855295604,2.8856400978997274
275.2740610403903,19.06417158809355,5.782448961400134
-1.523007701261503,183.81200815107158,-43.99982077250182
-50.05109710389623,-21.77317860522875,74.38091826087627
77.31633371790821,-36.871203541931955,119.2894423400096
-528.219657248728,106.85425659132547,-419.6901921517246
-380.5951356863553,152.03436267375105,-286.8640127695893
-86.64229391628233,36.04381330181364,265.39608217075954
-35.11073259266811,-7.5815226220037335,76.5253296757237
-131.29362731323974,-97.23668719271338,276.7481589220035
3.4094282526696253,28.88926661050283,-14.645810993495195
-47.765584553890776,21.58559901806711,62.75330280826923
-87.9730626538257,-117.05989596560819,-60.23033478926584
-3.9931559007098327,3.303499116701689,-9.078971061666483
195.27426216423598,-38.13777724668414,-38.133380493939256
119.76714363184182,158.2965252843693,81.95664950548432
72.47856663337349,-164.8544036788788,161.58341984081446
-164.64790491577523,769.3332261385601,-42.63856056530318
-8.686744474163058,0.6759527680585969,4.382768942124544
8.84162153890631,-27.635928720547078,-50.813773580355054
-182.40920638882588,-187.81835130593268,-184.901882268191
23.040554410492287,21.814635021443827,83.09655127969116
-196.07919808611086,20.22996763667642,-6.964017254912902
-94.14884937765818,125.40896032678214,32.382131733698756
-44.820596995851616,-23.30613123282404,-52.43453111160471
68.32671093231534,-347.86861519705326,333.2354981841765
128.2796556980185,230.93074139532405,-91.25342644308662
-116.90448784052393,30.452715424086534,-53.43525111800632
28.187523253130237,-185.6855179127065,134.76557383599194
23.144787608133523,1.8931954200962828,-3.2858163727931156
3.869291096563944,19.808195054157295,-12.268706374614622
230.60988434485537,-548.3688590305538,698.4802940792109
9.204765535353218,-25.633411223930732,24.20836567437041
67.5584787709658,24.876521746639515,162.24882319432066
-77.64268950246377,85.71847005398662,43.13810962974395
-301.95896543705777,84.59746568068927,-181.02775356719846
-15.444140566015804,-17.07310859082256,70.19228197539333
10.51085825301779,-6155.665590100461,-3734.6580385240013
0.1672531384078934,6.461345356674151,-11.205842237845314
-13.372998810170607,7.056923025107654,10.29226591576806
-39.30927606042385,17.606999317714166,-41.35530809365832
53.75268615828721,-179.86950823881565,154.68576126358658
4.155779836399396,-179.78564239277625,-121.78937364305703
5.442276744312937,-28.19829710129507,106.7162632096224
-602.2944035999647,-22.782695559583317,-92.7383054578971
24.629763668844785,4.382414138400841,45.53024113736274
37.8924615960307,-24.139687238404985,-95.10136305135342
-93.68908758342644,-40.53800740529216,117.68543029786451
46.79090893091524,83.69836731447703,28.12577374579548
-188.20818168593095,198.96412110039805,-234.275234126917
93.6158298296287,-3522.957711436394,-2095.2338866666305
-134.0798611439397,-11.495849529200932,2.2745461577695223
-6.74063334078947,49.5375815776273,114.217749380755
18.275851159330486,15.433283526928362,0.5009287568508695
187.36166624819435,425.53701795805017,158.5325043392374
57.23129347175418,62.95930870700439,-287.8286371709495
66.68503168018978,99.95176048672874,-97.51925515720313
368.25412431926605,-21.4480576096634,223.01279660733178
-21.53344361755125,0.5345404200316192,-16.560175316677473
-6.0960648990537,52.31324506537582,-42.05455254459923
-15.914617364241153,10.87842402777011,-36.99336945807759
-28.87483053428931,9.43271421470663,91.6125387894569
72.12561749175394,125.93753862260911,-204.16260869246366
-144.92195505447359,121.16081898553001,126.84939595813917
118.05597173729213,-22.962627133636474,73.59307913306293
169.9743053511498,102.30359970221363,210.4334598711985
189.54995420526885,-488.65718668399586,650.5920578887072
174.99231591751683,-475.5752780995528,566.4844644430747
2.4792745132958527,-2.2842409347421073,-24.070679936382565
444.47570749860984,-1141.802939834982,1106.9570698666694
146.90002654083807,229.16275278631682,-486.7965840335144
-74.90341412343676,-13.25678457370365,-74.26247009371119
16.12112711423135,-78.70199298278538,97.42941753959322
3.343472690328463,-11.036469150716174,19.25803416614266
63.49467359677855,-198.97919019098293,190.30910977874703
673.9445403615842,-167.09544416445257,-270.3252161976336
2.2508665003639607,-290.33650105172507,-15.068890239137255
-8.510688025499247,-34.858194089051835,96.06863221251054
45.937896491731834,-168.9930364692808,177.49083057951825
-97.14228112879967,9.865821541812048,-73.68313075866396
548.318421294082,-922.2844657124087,1040.03402020085
15.591111285880977,19.63404264178207,-14.837171369636401
201.54407622936245,-448.41298687500785,422.31629665416307
-402.14329795853985,141.37475460756275,228.55076523976123
-205.2488504755071,-45.79304953409373,103.2936804884547
-287.1444764054669,-274.0056774445136,-318.48529263217705
30.422959139427167,88.90883513294717,27.868297822851698
18.701126177703117,-242.73635064746344,180.94767434271523
164.8476964227256,-50.2684871551152,122.69061900673957
24.443638631227497,-34.82427450582554,-5.534855250941208
125.28410514280115,-458.21511766179964,416.6775592718556
3.895742595945737,-9.998573281228836,-24.641060212702513
3.4566708400598176,61.368226112900075,-11.536626712321517
7.672582363822971,17.468288669109615,-39.25455439936886
-9.440452206119069,16.100013136466735,-51.34332592693601
396.4368978396576,-744.864840102772,796.9166536783764
48.67470573018989,-188.97416918529828,523.9051107088054
11.841455206221765,0.8192950513560678,2.862305751988587
39.892118654528495,-22.29950035237379,15.633160775975568
-159.52136389613142,-83.59258126624529,-21.488198946496205
-25.810477210032243,-33.194027502252816,21.759320203767626
288.76242319205056,-653.9644073612253,661.5144661894677
-84.93367765308118,-5441.876285190003,-3553.6979003689917
169.7837090591335,-479.83117587688093,627.292405612194
110.45753318614425,-264.41401161524345,300.67695619712157
401.3129609821445,-1158.1237623877175,1554.0681519292073
-565.3991703914572,-258.9670952339604,-97.68654875025948
36.24011341529869,-23.65943503302369,5.011679683940226
171.96411489031726,-368.7433331039271,340.8345386054588
31.491638024496268,-9.045028697055843,-16.450018135355876
43.35627147874526,-167.9281099780237,181.1892686989771
318.2683587115704,-323.0204040806816,-327.01374504230904
8.144161082362864,-14.598371060310868,-10.177826774906539
-124.05138197499174,146.30145432760384,-55.133607289227356
35.63033475468835,-138.04809668663026,119.25903685451945
48.51904105205439,-22.745693231394995,49.20643450050341
-210.91628347579797,467.4892622168986,-329.955295942733
-312.4139580919501,90.8305652544843,-4.185610334481793
-2.0720461592328427,19.12941631796393,-10.569533872788506
329.19568968699247,-1066.4749894000347,989.7520863709767
-203.5798339170728,200.6427596627241,-108.12459399333441
-0.13612962092225409,25.294928731966436,17.563074823647664
-565.6984870322863,-5652.095917195692,-3241.2030119369515
-88.94448018526221,-2585.1986525432494,-1597.008705778757
257.05687669828075,-596.8714352436932,575.4300689234607
78.0837562345881,19.633946723950054,91.446272468256
65.51914755452255,-151.9707280152717,98.27901482634539
40.29539472799777,17.599118883315438,-101.98359504962443
-9.866280494954392,366.910702168754,-133.2551965186603
22.400525736540455,46.31753741664149,-11.015699268979894
1.1037649379318881,-28.672850909796136,51.08792883672614
146.26409435962907,-635.7197878448133,604.603816990683
-92.35449231500756,-5.494835767533324,-15.504689391440543
135.85984202659608,44.27076112294858,-219.4065782744519
203.84489904232655,-451.32277431964025,-202.14166526435554
-64.15803690707916,15.907527154155629,-72.95390611687404
106.03204115385276,-212.43966243850608,193.98809879928527
327.43045726366836,-826.805352135566,781.5075557767103
325.76397438010065,-749.1881305797481,815.0244280967925
148.0085727692594,-289.9573435081924,272.31843220112546
291.6344743126621,540.6696370419388,-291.033836682808
-18.383466288671972,-39.93187308766401,27.020269411757457
246.49627103197471,-717.4529121640046,689.4424683718868
36.443118072431254,37.81849085584344,49.94007527182273
-3.538996988716452,186.05262962720542,-56.76939596398558
-209.01246172943863,-115.51443596643034,-150.151717293401
-20.85411131032895,-3.5930823650914183,-76.69008311238213
29.34827881671254,-4.243909694047265,-0.6653435242593
125.44741714197123,-282.64181596311516,264.95550580707095
-397.12274195145517,71.5000435278991,-2.003189822880099
58.56657408099269,-239.41840086441243,277.3556311469863
-12.898515819584881,-4.757077768012678,9.370249704303404
278.5316621272724,-670.0076466250969,761.0684644343886
299.29941941958504,-665.2122661071232,871.6490455198842
281.0160568900394,-726.3999656666623,663.3436735580176
-44.86726291889281,-141.66261256679564,-52.74700032150543
-124.73558934500667,30.47760446614469,25.53297745581389
3.1137237728780174,1.5192904340268911,-0.989129963598649
-240.5439983745868,-109.83864371149681,-141.44988262132154
349.72123004859213,-654.5630479611987,838.6602973773381
-354.6693999723693,-182.3232370835566,-126.57894756875145
217.15584078011418,-529.2850976350685,605.5421201382424
160.3533966227942,-294.01231524082226,352.33736347890243
-64.89035545226028,16.340418012667556,-27.16410662437849
30.172934209622294,-95.08430336176905,116.89688734687883
-32.70757631497476,-24.57851737135877,36.777657860118246
-42.11349045869097,-92.15611585051334,-44.157920713417965
282.278742327081,-111.94327416551648,-48.220492524915514
-7.684523731389959,14.127301317476492,-7.60274571894467
58.335574707764685,-276.44877398191204,261.40798185291226
150.69865994535317,-285.988190357949,357.58912046573835
122.07941141460894,58.15443291759484,6.387418625361189
167.85141350961854,65.05869198823729,70.95866811463357
159.28609077529146,-308.3120082137829,28.36267091988826
5.4792860893249316,-6.238886611451774,-5.05697006227821
86.45825085793513,-211.36169285530144,253.34973829259735
-17.243072060696484,227.39557032610765,-180.25293040051773
321.75074164653654,-351.7536150128719,-215.27875200372202
163.2929354879891,-497.927232712356,469.81149907609824
318.3053401637664,-552.0848724747121,618.8742276366095
145.69281595071377,-456.3260990708347,411.80697503459834
305.6409392016844,-789.6488129272283,1058.2165406600539
-68.6858075509952,-2.88134475807074,13.626543917765414
-187.66175316596383,-6143.388396625201,-3554.3722476141284
-358.1449411488874,-352.7581469518961,-263.72751576679383
-81.92881720936779,67.92425866603283,27.26139386282112
31.723860588257825,20.2373390566712,-22.673054520335633
9.192478861861877,8.824044204144714,-68.1844845127359
-27.62243437364439,34.48917256772852,8.981610176196229
211.6095524885966,-592.1447706225389,749.9310605675408
72.45136514400457,-264.6346125020764,303.1065086395309
9.26877018453031,3.1270754117815467,-13.434625584488511
128.72617960724955,-335.80019543053965,401.9140958880811
229.88299883302687,-505.3028407796315,591.6036166484862
284.92103780944365,-537.6745336911439,614.3536918051364
90.02659344996145,-176.5264104860018,174.55895553285987
13.817301701420098,-7.50119584200129,12.867887686869043
22.9963985483627,78.64888660125578,-346.1154645189776
-255.30981477523142,-5767.002108991917,-3260.8899971268916
-167.67440970837634,-6038.652981785893,-3334.149885337685
-662.9350612729825,-6269.771404287153,-3579.5228232989493
148.0023889545804,-497.078468108945,587.1332184497838
145.21334559894896,-373.3070451277792,458.30805875298154
-112.32404169470126,4.600693966954115,-57.968487373653645
126.22417231962322,-339.5393486577537,307.0398318725022
281.8598710765857,-108.52025522481605,-75.45960012901772
20.344464007500747,111.08333350876842,2.470944116574112
54.45715671031426,210.26990360650677,260.0644753139856
189.2288247051078,-377.8247070428215,409.9101046250626
21.443973396478544,-16.10253881863347,-10.271398191849187
12.314229248478917,-41.90495020077113,-38.55732583435731
81.33177808183986,-29.46638730996262,231.4142450432679
-9.097685737614341,0.754951525043695,-8.941029136762882
-78.72835216761155,-4508.84252526789,-2589.235587755747
114.73488186505666,-4744.66238258691,-2575.8522438502005
475.9385640361967,-1421.605868404259,1317.1252268033347
-63.335651058591154,199.65647425601438,-170.2081607815614
-59.71744172025083,21.65767541593205,-9.506204216540784
4.615128075671462,-21.527343886136492,116.03577592300218
235.7282528122109,20.040266723719597,228.68158612302952
595.1426667908404,210.15954808456294,76.0304662485955
-37.03082924096147,87.38576033387437,-322.59563212417714
35.53916157842615,-117.73707389337213,-202.24788367330117
219.22761922454472,-480.41553525497767,559.2188603496946
3.6588598786976783,1.367675494131281,16.537142104088275
35.83310317325789,-1071.7081047977692,-581.8571360976405
-14.197535005540844,14.814391636010436,0.552365622885985
34.410382793403535,28.122212227826033,40.101952775700966
172.213544433262,-673.1142289158917,600.8520835452746
323.2739763208181,-884.9190487664771,995.5368581142341
57.97369156207768,-7.298956031050024,47.71634126965185
-48.19602685382153,57.38347010858161,25.93842851529822
-27.146391755375245,-789.7032618188458,-453.37934633961777
-14.532996675765343,-74.93049524661181,150.48492653657934
563.4703460869064,-14.606051320654407,425.08470297873623
-198.58644480044816,20.837692292222986,-113.1712279930424
12.452624802336612,-115.8707614321307,33.06895979117697
48.22087066632036,46.379338079314856,-46.80915165132368
24.853591654355757,-79.18728367301607,51.382546476092664
175.97663304309543,124.98380046299738,136.16672383751245
205.01993804480432,-453.2791788852517,351.935428079096
-2.8160245938208646,-3.277234295220823,-25.747148049856403
48.72803071083065,89.12042112772653,37.284757771253105
-24.625499523623514,6.281316838792431,-7.482846067688469
462.69757700720425,-1178.7629381837617,1012.860168728165
233.6803971389431,607.9460670980269,27.654115462754753
-78.81034146775629,41.72302750835647,129.94203885684027
-213.74021355566995,1145.2891523454439,-666.61107306212
31.30113638446778,20.286092741639273,38.52313832385099
201.61700449546947,-369.9577326267424,363.0491754459079
-216.34737972609778,12.496649061735795,13.156538179911488
70.23313031267415,-45.177634180171324,9.18725939143709
138.05311541158764,-359.2845941330329,306.65938861840954
22.040305347043393,-184.56012624441573,69.59393989317194
66.80339406914342,-130.4873404972667,-136.78673367981673
27.218638445312536,-41.64708999046137,-1.8629896053835564
189.95972869545125,-392.5052587757102,405.82405029318227
136.78890908032025,-493.26879135838,594.6428337653275
50.570571810854176,-9.318604980799044,-78.8931404974163
-16.437672900383745,30.187290983078327,-75.21991354962427
75.13134558360485,21.806263713239616,278.903779102517
3.8687134511800387,28.03604530966791,-23.22499746645641
67.07369426351498,-327.25633824163606,361.1741423503632
23.789007541829786,-2.189427817370611,93.62159894093504
-75.71920353735719,332.00707035012675,-189.21599391487564
34.66752622463842,-98.31211998757995,110.72350840725598
136.82201795807796,-329.8155198222468,411.65516152146137
14.577811509745825,-71.76459427893363,79.10314807620725
-80.4032168393699,-38.86675975528704,-37.14727943963142
-19.76228164545954,12.16814720049511,16.59726327689646
256.43926566288036,-37.70215773910205,-20.884722265295242
-278.6550596752308,44.060883395157596,-100.21860901465304
-4.275057912662725,58.713614307589665,-14.663883018934069
47.373437935263546,-39.08159186810312,44.046602775455334
84.9981056985922,-35.28069293140567,-102.2200893656957
77.2581290073888,35.37991529237758,-124.90389793830238
-11.163783166385176,6.031527329295197,46.790899631230644
74.55808953881295,-265.9312278289433,215.50469269766035
320.5616888340427,-714.8381394228267,815.9886360595825
158.28043459798897,-138.87170139457547,-310.6759576717317
92.9268256436588,-240.0469446322926,374.1508281221546
178.01255337372697,-37.327793614179555,-75.98728068738356
232.3096464241957,-2.6395251723202877,-203.93858353467564
47.1128489028727,103.23443482459454,180.3180849047084
78.22842067072702,65.40370469302071,-121.5551940963113
95.1299972872537,28.11111324239444,20.639621348280127
79.10403099060618,-198.0042072392557,5.150173355441789
-21.780657994684113,-6.936526254209977,-16.039141851522444
-3.0850662359003413,-12.061377216543185,13.390675933662221
7.128379826492258,-11.906293335113483,7.9779212629287395
19.32140315450369,-5.334801557936634,-0.8385130223029693
-6.308063427787537,-183.30954896035132,140.9773923887925
105.63058455484679,-149.61920254304496,310.2929773713621
-49.33177885066658,367.9293019661175,211.50307058327638
-159.76101686415493,98.22119716453288,-191.90445420337997
170.15102693414167,15.598017867329512,-124.13331659094372
197.1291801594051,-22.240788369629687,-179.00972068124727
434.8368132166687,-275.2569572276377,95.03772376458917
65.24350877040396,257.75247689834123,-155.98847989545993
3.6622119093834726,-14.24719101725983,19.88644012533366
126.2912979970699,67.95131350991439,183.91491359455492
-4.668961563679307,-16.436817690435323,47.01608700400617
27.069106603962464,-22.171088225740814,5.472640006407601
-13.255391410386354,20.632133451036168,-22.71903408831656
-12.682390233843407,1.4895230017502676,-30.163143440692156
141.8609229469722,204.53687827790122,59.847941367805134
3.336984579456452,-10.719028871495238,39.60553341110963
-180.7935552667356,-49.662253173943206,-97.69378710901215
32.19469035702215,-34.89633007804227,-309.27986592874066
-1.5896818362382412,12.77051218117119,-28.34159368384376
355.80075275116695,24.27648329143117,-75.40208780069558
79.56970237508192,-282.53912425296386,270.42982588151983
-61.290255507432896,-83.20725772379747,-44.42023230375027
-33.71135502181785,-142.30066065512477,359.63074124538906
-240.68607837276608,324.6341700108212,87.97944430333663
12.456601317854274,25.68861807772444,-15.382454709988272
100.5932581390881,27.364787598381323,-47.34205151509869
-52.49514038167378,10.941243918434042,-36.72612762483532
468.4348810699194,-1058.0851234653715,1019.9358725421321
235.83360171267321,-734.2915388518189,780.4563544323642
142.8137887139914,-405.54768923573585,535.7224108040566
57.48796145288255,52.78554309191688,36.94807841408369
-70.89006471236834,-125.54957235167508,77.2106690580242
408.15601760167897,55.25398403082151,-352.69223062786574
1.481312209371949,52.32702915995652,-15.273312338567107
-542.0149508715289,-202.1794789517314,-86.16470537024152
52.685147469538336,-49.70630471769987,4.815185174442046
145.35807218404528,-300.3989823350571,346.21738463572274
-29.23088133206418,10.297186513671294,2.407183928047062
90.21442864901451,-425.475764433966,415.2376231976868
-194.2918746753036,-97.21911423382856,-44.4241406416142
12.046001813684036,-2.8638994567525926,-1.0927287107495178
26.4438631437269,46.9309317432579,32.790852465825125
-619.3691121576503,434.86627907645396,-412.36704387747045
-141.37792394915812,-67.01947213846512,-36.58434111894812
244.8257695854705,84.27786759033292,102.6042483394738
-19.645098574605655,5.316718657209648,-30.892815338264427
-25.58491437254717,-19.555495404730824,26.821025685737315
27.42200533896357,-43.69040893362423,-71.83179802074108
-3.5193894967740573,65.88126772380095,-17.245907476119044
-69.24299127847308,72.0654668235462,18.467270353619295
107.45316929313313,107.61950256724501,-57.77774918634349
328.904756535808,-662.483407105295,922.2697679303388
-252.42305266471226,130.47342473567392,128.13779671186924
20.965390788804438,50.398000712081995,23.03797560676062
345.1614547440605,132.94540230867287,238.4689038112705
334.9376631968089,-922.4149849489613,1053.110268781892
124.60432176412978,-254.2078222031389,237.3735190147346
73.66306863227656,-0.12744315179180118,-51.639574265088335
141.33240289098953,-254.43977783017579,92.16095350412672
-263.78908973621014,-56.9829460686481,-295.69100350615884
-235.15397140826727,-92.03666911949092,332.3031815877019
405.9820137883907,-886.182181960407,1008.8427515010528
122.84047773820558,-174.81205153972394,-74.88304792489633
-53.64728388702704,279.95413390741777,146.8230913742532
-6.00265043498835,15.116945516598062,-9.600846175912823
11.176319350967969,-17.86806267715306,49.29235621412826
12.50773153538641,-21.13640597674399,33.042810089109565
-17.175956427147483,2.8672667452464093,18.61369701897866
85.10711697748445,194.53313577049227,-125.57704339201493
-49.72669519647423,46.73300103553716,72.34489477530137
-309.478921470002,-5334.063284142893,-2332.571901983837
8.81419049216697,50.533619674278754,-88.47494689788256
-9.109944672461785,30.638573683235556,-34.99037422608725
10.390337380113143,-42.856008134703785,49.65225302688313
320.69826173573233,-824.881910515085,685.48578477213
-36.91153959091878,4.299857821210417,-103.18960120450807
-8.517098904461296,-47.839428709990074,279.46605584212443
235.06715131709998,-549.2117341211269,598.7721974602096
42.812770153591465,-109.14081126072232,95.36941160627516
142.28565087693104,-518.9878763448412,468.8509070595896
269.7487314093444,-554.7006614627342,523.1049328001549
351.21004400844885,-779.9734371865269,926.2068617058602
312.648127822777,-617.3528547001528,800.6238183831933
164.75999875893118,-331.6369418068641,434.19209564310086
197.74172776733326,-749.0418205654877,763.7379766932696
-9.00683338025469,10.641362953411228,-6.048229261039708
168.49203926914814,-297.3875595693264,291.69743454018266
-127.6242173473159,-20.21715476288906,-6.024992595718566
31.90794915450132,-76.59741227876302,76.74222982133739
93.47228796264702,-258.48804845531157,342.8107644004086
322.99842170879776,-618.2615928698744,618.0344717664473
-33.74494478856072,-2.22729939919025,-4.306763384881445
212.38672111649626,-484.245812261981,544.0832645874324
276.89815181664557,-258.55996377990584,-185.56885427156064
226.94876979877964,-124.75019351679076,-55.13704294159939
-167.83346001251562,-518.0108458782618,-346.0137832756306
21.100670122440235,0.8369810740115147,-10.816364893331977
56.82847320350367,-25.750661202979426,-8.719947854089211
-1.1461635859482735,-6.876037721434251,-26.664867059253446
194.1327007682582,-667.1378984712896,686.479924021623
-31.461897089122356,-134.77461813694867,358.02751717374065
4.821935971082936,-36.828322882062274,31.769276718007678
-22.54645263211414,-45.19916514243115,101.45696215211191
-665.2970362340886,-2.4243819217015927,-692.2306464116102
26.818460229103557,22.05225697931852,202.43094605829933
-8.056631230823486,-5.548724151176444,71.35636005251858
-213.25273167063705,-230.85977989491565,-290.0612110329169
22.003897973798598,39.28811068400146,7.299580840727225
138.96163232313617,-243.57881916168745,274.9598983831778
220.17351959097536,-467.5255255970559,442.8071767554348
-241.6027583147289,-5710.372671273339,-3300.4957297880746
312.5893248680273,-643.9228436826719,653.1556364008293
218.44274141746618,-686.3907353750703,783.7390560724227
254.1022084908361,-539.8748336697493,547.9051727572394
-70.08933263624981,233.9155236779075,544.803687495868
-7.528696293717045,202.13028877894058,-343.9494605014799
34.62272783869461,118.9149190374276,41.81180631507949
190.31357663044204,-583.0780235068179,591.4477262594824
-8.452500394469194,-34.2299800177159,-33.23764490872162
403.0809855436531,-965.5650827748451,1241.0148619654656
5.666469376467123,-6.456890109689147,8.442136883926885
-128.23715419004472,-29.56157009964054,-118.80001910556551
-99.90122241966472,57.41071852345165,94.8395588015765
35.6876129541513,348.4775162964302,5.480197670333479
7.775166198593523,-4.06078638014349,-0.7120483800205443
-690.0439819632728,-142.9366761463428,-320.06899606882587
14.892465619356027,19.2628530101951,-14.840656244718971
120.67947375826772,-289.52214288853105,243.83257914942484
33.917318080270505,-88.20892356822374,108.86981626317285
154.50227636100928,-32.674359396018666,-157.24009266509012
55.46059843525021,-156.79666631791983,-107.43064492401983
68.74234190506803,351.0253393656786,104.45242446500181
197.65154334910181,-75.06071311581218,63.942276173622986
-87.18994058117492,61.334731144351736,-40.8832355116529
-84.70218882568464,123.88556446837681,45.95130602594133
174.8063364597194,-4050.223955981605,-2318.1951279230684
-30.38618185929196,156.96435357031535,-2.966563039455908
-196.8101247255801,255.75957145593932,131.93502086321087
-178.82175775752302,34.380530330211656,-12.65501413366094
118.86734174856045,-11.988531559482492,98.97252173041883
18.42804596393913,41.35053773852919,23.891262947894145
-174.7896581967155,45.64293963905853,16.24813369530856
246.0223890846126,-321.5710396953397,-328.25126166910263
8.392457754853966,44.93468935147409,5.898556790394784
-21.884824126721693,33.19631761817369,101.32593978609718
-27.742098025733213,11.693582681507253,67.1584511918743
-498.0637524996697,-281.9861427314893,-335.0994973352899
-264.2112422275503,-258.337662496436,360.27748081923227
-7.711099627666324,-44.3761855956692,-15.803527351541662
230.123502334837,-394.72454765089714,443.41284914957396
42.2171518456324,-28.867496543361753,235.24175416443785
-10.583062850722984,-4.254535400100712,37.72557776982265
-538.8245934700159,77.21336769681386,-527.2832435425848
-211.40329998951586,633.5666276854187,-441.02756735363914
444.8634136051646,-85.9614152203173,2.425310264775909
-9.180965347816297,17.651985505213588,10.297285819861743
7.476122146619675,49.137072459534814,-48.72553370169739
-116.85868712417391,-49.858965268846624,-116.31964735991241
218.8045148031943,-644.5778104440369,763.3897239188577
238.06583104190685,-457.996535897145,479.37118086149223
57.07612193979822,19.738387389976886,-23.12612799835903
-537.2575942067679,156.37698548620025,-63.53984638323127
133.6674124749648,-616.1680102585603,592.9923136873315
-251.37552441145667,-6481.193577729095,-3765.7589080728485
53.9418483575797,135.95922669335945,61.35988589226324
67.14705162942768,-2.4865828199599784,-56.1963250172505
88.05948169839849,-10.760574566444413,-35.4854244852645
54.97052976982057,21.015894876349158,-9.00733755398958
-102.65939356907883,-29.258934495666598,-37.21308866793064
-44.027897211885424,86.2942505370639,116.3451803700785
62.716838420206344,-204.47752388989215,180.81533442557446
423.0291424234393,-1030.6781829651757,962.9945442317381
363.40722945435886,-1647.5037677138405,1614.1761446165056
-0.017517456955431575,-1.8202241174222487,0.15087148026121253
376.8498095438971,-833.1362826088653,1102.8325202619885
-158.97831628967475,0.8161748428812564,-9.415831844610066
68.91295269276144,-202.2946876038609,179.5356442142383
389.20128582240505,-879.0390085372172,1132.9050502950777
224.55460699296256,-678.9065218487566,787.948961271896
139.11039030429936,-336.4436192137567,319.83139245661016
220.65042957434164,-465.299925449082,419.65679899381735
233.9237542079471,-639.5452517451869,567.7145673060058
280.3165594336514,-974.5528684515289,1015.9514391446952
292.2166747080373,-812.8530697515938,745.615764598622
144.82936790733993,-619.3361800683597,640.463490715039
135.7896985382452,-414.93566169596704,484.314010766592
79.87685813125059,-294.664454272275,274.5735882646079
-381.0109964722439,-201.8002854816662,-189.992437509354
-17.677880365130957,-17.727243038437464,-11.38505185812906
-0.4745220408911396,-0.36271375151586327,-1.1560116709055304
280.7858483586677,-32.40079317698502,-37.773829657654446
60.644713915863065,104.62342149443288,33.67028645350918
316.45265567979646,-850.3130674656459,717.6592367623844
213.57495522748985,-434.0310923479511,559.22522754148
61.370638751355756,-283.0725079922248,276.4615112438662
270.4716137325989,-671.6788792105802,702.0726702324358
-13.85522090366071,-21.111454142735994,27.06640432898169
252.90403156388624,822.1066515359174,-585.1176657042021
128.61942833881218,-251.66704684230277,244.55125786524053
-45.99454307430972,-24.937010136422973,-37.0645151115107
83.19082549454778,-180.25684357652977,185.49444816048322
3.3736377936796926,1.1048310260140732,-1.0850714842408808
277.35536864509817,-579.831523667002,528.2929146276189
-44.897175115429356,-31.69814138455137,-17.309435805636816
285.7755751531913,-576.7154957682493,570.9361562264604
-486.9971671324277,89.09295275005547,-15.334127437407972
50.075975383474976,-179.3207071888972,222.765584502336
1.2520856322572358,-53.35169493990116,-21.208697751140225
97.90120677085159,43.93257155128433,-130.91330281412291
50.871134419479816,-1.9129849916584003,-141.03571014213708
519.7298770714536,-1141.1144828005838,1129.2889767114739
269.0443690033261,-579.3503196460963,594.3167250570763
38.88272397687727,-124.3480562367381,143.61082165102667
211.18568348551221,-406.3755384760545,424.6804203681328
402.80589781390023,-809.1590724709275,1046.5181109394744
-210.47425778118208,-209.54222673170057,318.0462016182258
-31.6749920891199,-32.68428966005219,-24.04087316492472
24.203523545984176,-63.19587805671003,78.86198915574235
499.30977377816293,-1048.931924619579,1408.9909119023678
199.78003379964366,-669.5646262505462,563.6450023356716
332.8139496535116,-654.3035546083271,761.0766330948139
271.7715410979701,-535.6264659321366,525.7767539158459
78.36442714063398,-197.98499297191776,240.2123209097109
32.27466837390247,-124.36356082444347,-137.79737927993978
71.07903948116154,105.11618724582695,-274.54170908868423
35.20377448856744,-35.1718806660216,-4.436736686262155
120.96461255213424,-126.21461871189267,-118.52223021241039
-75.3440195238768,16.172399437031633,-31.24824765446489
6.158778544882992,50.917123286667184,-42.783721426325485
394.3773431803767,-806.295748663566,911.1080823771937
-8.70632725543136,-41.75955942084655,66.18582087538176
-70.81020664329517,-18.270706894584986,-60.83845934494069
25.1718040689833,-127.18827917934198,141.48027118757753
-7.68982777707051,3.799035136619295,-9.247791616906536
301.94075062827676,-585.7373426941625,788.7435505179195
594.0291487236445,178.91252385901433,71.6583380846906
87.1059550543059,-339.26115640203864,-404.90662755730335
53.00667140459378,-196.49894801209322,-289.5121691703928
-226.90814535690237,-108.00729303280535,-0.5621667159993705
-22.627957452577945,42.69236490536816,7.986263301520392
-117.26284872174108,173.36799244463663,-31.97743587873287
-233.89557589013157,66.23257577024614,41.438777574420605
706.3032364926607,-809.8787291303884,-379.21812288198925
-6.979524073641986,-30.18788730912806,19.440364901843715
132.14093982745436,-120.8664260476424,33.9635923451404
164.5103814018342,-515.2055010385496,586.7739139657114
-71.20746839187649,-137.21750355739064,-72.05726199833988
-223.33788162490012,14.446324466343972,-201.9674027775651
342.6618458618864,-176.7523930905974,-229.38310464433022
115.5791140576099,-393.54719676156964,-489.98794304632474
304.51342384991926,-673.5991032115596,798.7886531791635
365.3364502004046,-715.6042559458734,832.8113898879626
23.20653206265267,28.47812346266723,-5.028992255925233
96.20975647762913,-123.76547902782819,131.25408940115935
22.19844543742078,173.6277114275814,-130.1438338361921
-296.2188941029359,-19.422979103597545,-30.059304519147585
115.43887366752718,-404.94022374185937,366.93122098189684
-363.94936855888614,304.4428777795854,-288.14779064027636
-485.58184086665494,28.607999368595973,-326.3714924632313
103.53159798360967,121.4866220095249,-140.23751165674275
-515.5074119589118,424.856076858062,-296.6689614051345
88.00878460529042,-209.6364762727801,220.929740261993
-7.57601324870193,8.082650470765472,5.972402772161929
-10.137665731731706,2.742042201244645,8.94750629886708
-7.60495764806607,-2.7074734245070933,-2.6722009372629936
192.98734926305752,-381.90621988576504,461.6324623138893
48.84520406642655,10.657575801558622,-22.402226017813046
97.13180425982046,-419.95979003079196,466.4851105700214
-4.066551014713764,-9.13610745109409,-8.153972879939786
-0.6662820266450146,-9.61547643020196,-12.263743510494681
60.2147198496593,-161.73130415780602,134.11383453187176
242.39734650141403,-654.105555210251,559.4281366012641
42.03627469742688,115.10001286300161,59.84743560503937
47.464729712728584,-159.985373049026,189.84311546027052
494.16464529179075,-999.5152669302987,1070.0470955135072
-109.12682224234095,276.8995148659996,39.7953704626879
226.44574900559417,-325.8123430908148,253.56405646496626
2.9617967268634673,29.46519051257154,11.207194464566282
77.99068668029005,-290.2216947885443,359.10217937127845
-15.697110485963437,-24.550079094452716,-34.6826279289441
79.02121319763222,-383.3427237717064,438.8525006936426
369.86402300592295,-137.00149487472677,-95.1296521173306
261.5516316175391,-566.8334066662552,512.749700716959
317.1301093452079,-568.9231630534752,671.4269485237583
309.56519726389246,275.22342962089726,-3.355471155941062
-5.480204512020329,65.35838859170674,226.16057976624018
593.4375488983468,-8.784043974899545,434.5843385695914
235.92802498420946,-594.1345805786273,710.2049806103225
146.07946279961268,-400.3962540278876,416.94815973764884
159.91997049596017,99.57690570184263,-71.0424741363754
-103.97554465379163,-35.48464216337115,-12.449408559641968
77.87045837301366,-255.5746021887718,256.41527211308573
146.70481005361538,-515.4070277956432,592.6610148052541
-25.50521160441589,-29.625963254448497,119.06779381201297
394.2033282097352,-1632.6553679424153,1723.2133514040515
446.9752036588943,-842.3536883654248,996.6519090992874
530.5862155759581,-1164.80806523391,1065.343998484442
108.76701821968531,-277.0669158029644,265.22860496377774
158.8020274761632,-465.22547741377764,527.5789914880828
235.1772750541304,3.1791650984267243,-451.2224763588255
102.88221488733612,-204.66135576781937,-460.7557133016953
223.66887378893,-329.0200186876362,22.897537548374117
222.7558626790005,-495.21700702881503,635.3172696594645
546.8050056377317,-988.1234242077999,1265.6541576755367
132.73158910473893,-342.46924894851526,311.60911037286866
151.106782017172,-357.21240882521096,439.9825557572767
110.01189870574439,-11.723963162604463,-14.932309765034121
160.86908203119341,-432.72155302250707,436.0156259553444
53.39143581665538,-173.09108015535475,172.59308257600748
-1.0357284947717345,-37.50504413126999,56.45505239964452
-4.584658048903073,51.778348088471596,-9.845465241099483
207.46890957780752,1.3111853829361755,170.3220398289285
344.24116703053744,-586.0866676472905,-332.65431229964247
75.21443292829602,-461.2010827985582,392.3660297231558
235.72585859595162,-577.638459840882,562.6563655428199
7.4831975688154495,-58.45157752804851,12.198627899424132
154.41237672732072,-391.6739403798311,382.3951390142878
-102.13645755161654,19.026651952604666,-46.203140264285885
8.267584942768165,-307.9876139143097,153.1198197967338
-148.87421930813986,-86.62450424158042,-101.79718913257024
0.8450797652991625,1.8173695305073547,22.460754844391705
264.1437805882271,-270.9758568482417,233.35993567431356
-6.482750352407308,2.7212547978512585,0.10281932519927119
220.33117088873283,-455.643948631952,622.9968754286679
60.84009109177005,-244.10548247750643,210.47467493589087
-0.17253252296511604,-1.6707528318070337,4.227974322962247
191.77234784062617,-386.20613174710377,539.344941600116
-3.7309580130547957,-40.57781305305637,-38.1939399673041
-13.328286819930435,7.034191197840762,10.768641297670204
-23.77327772239282,-9.308193161863391,65.94489606213222
109.26890536615646,-213.77122135972783,210.3542156636092
86.89425020056196,-272.97896217586725,329.3455488031811
-62.68730559306706,2.6433048840355697,-1.3715760173819782
283.4050539942553,-549.5834578966743,591.4060526050165
468.3380313023344,-1038.1730949679052,1036.009966274753
60.47650005961872,-275.2473960285464,271.09441411442526
93.95472659740493,-393.2922996982611,434.63691705153167
10.22406781306221,1.7731198044822565,4.035038100546034
9.17143940506092,4.121491494267761,8.86581954824112
254.3066768551475,-898.8647882467417,810.2165390542407
2.5906243714388024,-0.6218220289784542,-1.9248353785413517
10.416647585952528,-7.4604970917654,-60.17137236571749
2.818887979886639,3.3593920852059513,-4.098990498050249
-50.364612301812855,-117.33285828521905,-58.77383059924525
112.27183739029081,-405.52478568188116,467.89466296023556
615.8349810705714,-1214.1474375326952,1331.8655666480004
308.98529308573495,626.7329767667369,-283.97006013632375
-169.84928561302215,-129.51536471476842,-12.856391544541168
-253.89417427543432,286.1651068651859,-53.9491575266207
-77.41249716388624,36.24917583306244,-14.774724876119551
500.71209774921283,-980.7806685537361,1153.4957056525477
158.3401294698551,-543.4717791746874,675.5798321709798
-129.89243087549892,381.0089337183843,102.32686433206867
416.1607631568856,-1029.6809381878006,893.6062363487453
111.38073868441062,-199.92719210422223,205.10436863079357
107.44125454277167,-396.1786207416409,468.4027523547726
298.8714275176143,-646.3416246559908,719.7458749104699
-69.57268679770169,-71.26075993168432,-5.274249397569075
583.758576651845,-1102.2598664355496,1052.6620767990537
18.373799458052197,-25.579508771229822,34.14063921396108
17.184292957942468,311.619766847564,149.70441832626543
317.61668397759746,-563.5170345937254,625.4333245924535
-2.7254655071014,-12.549914782608449,39.2270715496182
-153.56058478643874,638.7733895852645,-335.4724754458984
246.97351641344574,-694.7897331195917,700.6904801279836
147.35155429079342,-638.2614833107401,560.6019059600683
100.42873358898824,167.38945066316396,47.07743069025991
641.6282028352412,-1664.2223015165919,1515.5830946738736
108.74763497298287,-352.72419907087476,402.6497288929831
-6.539142320605422,5.866792947066587,-60.72813824181602
202.06300116760906,-473.1933429802312,446.24740124098446
162.46770662395517,106.03704133153009,246.35400939706219
259.61045849994593,-624.0493584062482,538.055358110295
571.0610833134369,-1119.8473646262596,1227.879632522873
75.20232532059589,-208.66053628233936,282.9195713868905
548.9716324670294,-1312.9769917612257,1109.2504565931567
134.01125893002612,-285.0245644172777,374.6312845768898
33.08459302787244,-22.029919208760447,-9.018391360189575
110.11601208508688,-93.38653171519783,-72.35346281058942
67.91880956659452,-270.44744655005,307.6368085691543
100.34800034532681,-194.5438319573847,253.7090545763614
-0.06670842242157567,6.143712041319786,7.286493123534826
234.04735161353364,-1067.748448523718,1158.9643155757146
286.05586013210143,-1010.9342099066687,973.2907977703599
310.4032673162436,-1071.8968056635167,853.5475694111898
190.19649995653714,-601.9455559522416,747.0608672856783
318.84915772953457,-555.3525220161223,659.1438393328871
169.08513915511736,-300.99222966086796,296.29950371317506
121.56023113968223,-224.20674692259885,288.87285428654036
114.40978076411479,-306.33033605753775,333.9264053296522
72.91146105735456,-198.53829288055434,251.37990274991571
-31.388430399447273,6.9272941728836095,-4.16912478841625
161.5310094748217,-519.4908574582527,483.6126706480451
-9.384037400461446,24.123760232601935,19.669701023316907
-131.64913547790354,-348.6727960871202,46.9729177900427
317.3012941063237,-639.8482554585017,870.1491924636628
84.96795134304764,-403.26097731975483,373.2341134618881
127.92325417769055,-107.53188409631368,-268.99347692330184
38.94155362587593,391.99620206438743,-209.2122228582713
-148.86462913831951,700.6990545810127,-288.121518114815
551.8682828638812,-1152.288740206815,1172.995943071187
-107.78851056676211,110.83294111224276,60.90839609782175
55.440123235578774,-107.44751137518156,143.99853389498125
158.70465691015679,-345.55846765848383,365.33493447184884
111.40275600821076,424.6318943518493,-214.6293918663866
-32.62656823161272,26.745499086893346,51.36723137595511
202.2812831978281,-18.501268849762678,185.90861648344563
96.44644914381863,-371.4384611046914,398.27844529766793
487.3454999577645,-1001.4999744427171,1104.222798742244
249.96651588001365,29.37599394678473,-377.6181838609541
-196.54036594275493,-108.30260585744622,-87.0763456317193
-77.78998509067613,-157.25848203187059,-61.601743949536264
437.5548120564801,-951.4464070580609,1112.0859114935881
111.15883043872233,-228.85619505333406,261.7127364138125
147.65871305408783,-465.2488344385164,532.8686480858228
405.90819839032713,-1075.0429918669993,1104.2648188352148
-1.5120190074628426,52.085582429015595,104.30116754164976
157.7260837820324,-723.3212929195537,780.5741129476229
-8.645604790897854,37.42416421807746,-25.82518907245356
50.10059514494073,-15.735719334632735,22.752877135747166
59.86636246684207,136.04469065797576,122.35305899226368
10.518542270486256,-98.03465863638304,-56.42274341568159
341.72817105141047,-694.3652981690256,716.0829468074896
16.779609972041214,-204.03969125717538,205.96293913435667
119.56983630303824,-33.28247291803654,99.34613069427922
205.93121844615703,-282.1548079807551,105.21179863315885
22.74795232722725,-274.1446352700796,51.46716640299166
-91.79008709788084,176.96779729571966,-256.27334843846813
64.84045763598104,-46.18884516123802,46.87155642644833
-166.18683269423636,-197.99213029308615,189.3934961450987
-118.88398097085593,176.5860015451372,21.76151078905057
316.3980237472427,177.2889920714947,4.803653204873539
181.50692969704596,-255.01528988463716,157.37934933785337
-36.32390844765703,-83.29286273810035,-60.29814024477209
297.83422541550914,-649.5557277003034,675.7575858152632
231.53838715977577,-664.7979405225705,-247.29656000922995
-124.4614764152111,117.8036036806398,60.35650709244695
-262.65075330982137,315.0899866068158,177.149338601362
-251.90540509699252,382.29808370805773,134.91611875927575
144.9603350419521,-560.1080953275473,557.961720003328
564.7694739378384,-1282.4804583480025,1298.9693253358507
-619.2851624088888,-316.6081776462249,-142.63144628283356
210.78613655693496,-172.14052001024612,-228.7495118574097
-274.3004998815697,-309.5513072337374,-121.34639226448088
99.1309575196691,-284.1322881636572,357.8571372882173
-54.10691432108647,8.500436868936731,-1.4626871496766487
514.0396112477528,37.26478713895261,-99.9613112996618
37.35887594562337,-28.922406534280903,-78.12372360138315
207.12944045254466,516.2000996343245,-449.897420224132
-117.75791822529432,55.73660505242608,23.2745048814098
-113.38979663134253,836.403343750948,3.3424995342458543
-249.33302342143912,-175.3822028628377,-184.6311762176219
584.6100874923911,-1285.4452153322134,1500.8093024703899
210.9560163226022,-527.2124460454288,453.6777903932413
-3.253311002632309,-11.70776948149365,13.199649947190167
286.18091941165267,-702.3670169068199,726.7917565755106
-290.0342539782365,60.10064772842618,-94.28770303126184
-344.53972996455195,-121.55970453144712,-395.0670636868897
246.69508670715854,-606.1840585774866,705.6980572469176
-5.658667785036005,-10.48154214323384,10.320526418657561
259.20069971289075,-763.3660241374673,902.4841964604716
213.00202066026358,-560.4320830767706,-220.19016656716622
528.5510156956767,-1166.9849329255978,1163.7780709962303
443.6431855689978,-1040.881465460931,988.2873474643379
256.98369856184166,-526.3970315135025,712.319829446892
403.8644650207599,-5.699222016431326,-164.44597400332694
36.78988008752998,-194.5451933845268,214.7731565515631
152.46159908271176,-412.41275198349285,420.9906595763671
260.80624596449644,-615.6672624050475,620.3490721308294
63.0591223499013,-150.81882312251503,126.9613798341831
-74.11203050331581,-85.1175494774399,-85.5076238158397
569.5978534339258,-1308.7465831025143,1252.937845298384
112.26773596180615,-329.1923621219822,380.25974772326333
6.550249079943365,-7.686612093410533,-38.636543694747544
65.16164146998459,-282.18020581318194,282.4579998728438
160.46933848041132,-349.4526604549093,320.19929033907164
26.565719053015417,-99.05396093112213,86.7295803982239
-1.290613870538348,-9.862892336983535,-12.566973001731384
-46.81796962484341,602.3023016526556,-434.20542595426036
520.6879266760282,-113.48723735158303,-73.54535567338452
-341.0045110533672,82.31104329416124,-31.18128211091842
35.40310636362849,-123.13369528853555,95.26484193235024
42.89893022463397,-65.10446070658213,168.44589400364464
126.68958168842899,-306.75932695681973,311.7681404194627
296.7660336089449,-603.5489301539981,730.3517673765012
28.316432163956545,29.872518179131337,220.33438597536588
181.27773403735648,-490.59220999529884,462.9675602666025
125.16949812911254,-454.8165528192279,472.5340646649091
-432.47053520689064,36.26424229986999,46.64670462403363
-761.057895175408,547.1251845804127,-536.8136875015646
171.71510417687375,-405.72046447449793,-221.967227545246
113.77172186776416,-245.21655459672232,315.1679301244923
445.2772429905327,-150.16358598201563,-125.8412769951572
157.36805159732626,-91.86176073210069,-35.00736710550443
575.1690186470784,-24.301343274494368,-176.8565644798407
132.35978958714324,26.732003259408618,18.605294036540744
330.8449442475184,-584.1482024335519,717.3830222130341
201.55393707387816,-677.1344182118095,630.3841935930608
18.95990755157613,98.83636067878419,37.137281771946796
119.45310118986214,-310.3771920376931,270.6744910088898
42.290359919827914,1.661069528970192,-35.18369952295153
-121.2302156952013,-30.769446914517523,298.16438111228115
327.9897687049329,-710.3471254765891,915.830925745594
339.8651372052516,-844.8971877545084,806.6643211627611
222.6629472864265,-210.32732829671926,-154.00234231428485
46.85034152171123,79.4245687008279,30.791288807006612
103.71878353227471,-462.82126924282767,499.47716534796973
147.58840671432634,-739.4047697002834,689.7220785562816
19.630707441232413,81.42923687994279,33.07618274449016
180.33025021928222,203.3643085144096,127.88473847299801
-216.00293614461336,280.95072735591026,68.3093719491773
102.4060513603152,-189.97719743521088,218.20956257563827
66.64169796798903,-190.3262109599954,-362.18191821590796
301.2832564182671,80.76285570872895,-517.1725075492468
356.6481726982955,-672.3202686264851,689.889789317814
206.33240609105704,-693.2431646117319,718.1446933005816
9.94303622757106,-4.360104904104159,18.367333672648744
873.6673019431929,-2090.180186655008,1777.9969239934405
-199.20855814779642,270.8146951367667,-68.40495346578413
75.3092774845365,-210.48383954335534,198.4003257352269
-408.21392719118,1178.5507080596851,-756.6799766606545
-68.75227599219602,130.40826658415608,-176.5503571262562
31.812045458899075,2.4741463364093765,-72.89231160874904
79.82033564657448,-211.1463419498625,204.94691658929622
158.0858865141708,-358.5365726741995,331.61278742091235
209.26944787621915,-399.43039499873254,490.31841802316467
-13.453387794511055,81.08949269071994,-18.95521825387873
-454.0252192469929,-41.1722269698704,-12.66175777929602
176.39688688168206,-586.4055331199771,574.8475784359943
54.449636859172244,95.79239122195835,-41.08946864932118
-37.37629368622839,4.8807755814695275,5.02125557646045
-277.00105546312005,422.4855182856744,42.307367398628614
27.456313918651333,15.876940966949894,1.7154249684732426
121.02592107441293,-591.1636187394284,656.1880826036036
-30.018311286008693,-172.28426545424185,137.8254128723314
-71.8034678340333,38.938000057428575,-105.25742941728454
249.61566508957875,-461.1463017967917,581.2859554341817
209.26537217186151,-572.3784293892334,748.9306050494174
-6.67065310218352,1.298933878403358,-10.68500161814987
-49.3326002626085,-37.38515974910796,73.36221213644909
155.93454036994598,-42.15149362608423,-284.89972049951865
-99.33445855387534,107.57486872562299,68.39667435243767
149.1236247082797,-360.97490153527247,408.5562603417851
20.078986395290066,-104.26313538157802,78.73145979683399
162.00945072492624,-479.4919888797899,422.04427549240745
46.22782050757523,5.945634678698677,-191.25466776888575
-31.069854427060076,-39.97808114959497,115.66441671697348
577.825724059207,-1320.720233552036,1479.3503795253202
168.08493081771078,-536.2617127512387,593.744619028344
806.0476830685672,-1534.5427039432166,1843.774228802007
3.237018938132047,10.900110741226598,-3.6454918341934337
-4.528711926067391,-233.8819725878108,-435.309732019312
-125.11050155815704,340.61785079431417,274.83924997919905
-206.3268769719463,-29.975557474525054,207.8779289729787
4.508165156772942,5.718618874750984,-14.605349878883429
545.0235495051901,-1043.0422305257819,1130.18874150496
541.6811850513917,-1265.9716036665795,1228.84617787223
240.2866126615611,-469.76420129242246,464.99208828078497
-230.21810995402402,-200.53696509093834,29.96501830990086
1.686824930586234,240.9500005256488,-143.70581022819994
515.435749000309,-1051.766919416581,959.3585858652881
-97.95310501478626,34.21040962311181,186.9033909065888
451.20302256320514,-904.3144338258833,996.914546791248
209.63285378024244,-653.9660607330435,637.4761330389216
414.5849660170519,-798.0374719868348,797.2620721303014
181.56788830078546,-474.04101050359003,552.1577889505215
232.01488973803023,-447.5724788601555,537.2999738952398
796.0369364502266,-1878.4889076599911,1925.7005608363188
83.25909813120133,-344.47946847958457,303.48692520502743
94.97423618164791,-270.4159350310332,307.0674165505103
-56.822704336520594,60.723704019924995,19.556475970759834
320.09212807130405,-649.573854218859,662.936529618817
80.27870274276434,-325.2194468529735,356.5895950298955
225.72551594661357,-517.2115543202455,599.6049638964565
217.74784990001928,77.57995410092501,27.632049989406116
514.5654288795147,-1256.9592275697594,1032.3167148357497
-542.2285441633272,57.397960210549684,-304.1859291324747
51.258853533454854,-174.85473028562555,207.7324085456503
57.67568571645375,-230.35372974599682,210.65830968239803
135.6764697703431,-488.8045157032583,397.4739952685714
214.06605517911274,-807.5504980214371,984.8516020525032
254.8625467549826,1234.9301834429248,371.45880684564213
15.588057774416857,-1.3869555988307447,-41.18939521076164
125.85576819974644,-287.8842529724181,346.97979096391833
138.50736940908342,-293.6618759657316,334.38407001480044
146.18540928736286,-423.8388592696906,529.9711106366588
346.3326683888517,-703.9601681735737,802.108324624356
195.00972371902594,-558.4563756917327,648.9419718497821
93.66298992604928,161.51416156216388,72.78856482294466
6.310619499980115,-23.545981936868458,-66.77593027315406
126.25951695954771,-336.758011978191,401.205133310428
108.84450800621462,191.4083431040521,61.58267733743434
389.94148337511933,196.91574854746065,23.910302009903234
134.46931253849198,-626.6392002461718,584.294706583299
206.92238897136446,-369.48219933675074,400.60879256409356
210.54004949650812,-597.4927795458682,659.0156370106557
-10.721341876208674,2.740724450486229,4.463566692675402
297.5707673204036,-649.5078877797805,617.3995531494934
42.53915570545496,-179.3302782625145,161.35821370527188
86.75718908902104,313.9495741668545,57.42073791603992
-21.402464588121926,4.951276196817349,-12.772759168911664
201.95815339606594,-580.5097610571785,679.5960826573302
-263.0378212896453,-31.30624641516352,-304.4942015664497
-371.07739955090153,485.57335217578003,-140.47010911690944
32.15510289689566,-72.7916877808909,-43.20432140491682
221.1631175438121,-556.4121894271403,482.70177968513656
-576.0806384489744,190.13042905812313,20.51355684409788
-221.67314518390026,231.89078851643856,67.30062402758132
50.44898214746307,137.2950821241053,60.14163057999115
35.78914495355628,114.02550389387717,-54.1340850688431
22.726332392093433,125.90732339044807,-391.3353992340294
64.90434759430221,-358.9429280197422,351.20479999136137
234.91189336621102,-546.4455725303807,523.7411183982468
185.23906252857853,-406.1369455733406,544.8028629540145
356.58520220115247,-214.46202162862008,-104.27580460551955
55.370862229749434,-198.66008972144903,245.44836954398363
46.62927665342345,-89.62536802865871,118.8077350196778
3.4678469796361937,-0.7158086331035238,5.488091028718693
82.14454188402506,-177.23310430846902,207.95104789312072
51.12474959124644,-164.96648388133937,139.17056577832878
-16.267651209566136,-39.9964294086663,137.88766898704714
45.217893657384344,-230.22741717566643,214.65605626166513
210.19311282661204,-588.6238886925329,599.8918023625092
158.22442161113986,-77.78116831334572,-44.12177214971353
398.72385234362054,-1210.465852202316,1549.7592395673541
4.7406839734310555,90.3464327365851,-13.243449144681158
8.736455264259707,-4.368700582238903,-3.1148933991927077
286.78976000319545,-698.7105710776109,695.152423229401
-323.83093694812925,38.6609210297749,12.783372850160259
-6.9226942981773405,-2.8680461006645697,1.3715638325815183
198.21680265232257,-722.1289307355485,763.5202741519204
651.3875344394619,-1362.2959082219963,1738.1369741532121
45.74656090692804,-192.39798569097383,189.56971852921177
-196.31592867831148,0.20658179031179924,-19.66999929171396
234.02826191404205,54.37407731518632,45.80939250431809
103.30266652077904,-247.45596561256542,212.12068413158008
64.18096250582727,-236.38915580047995,253.8987544431087
172.4086587953582,-434.27685075277975,462.19145708421905
391.0299210371909,-1173.0372707392066,1184.244086626723
316.60539053471115,-891.4331070001563,909.5846953573979
-433.83382956284487,105.6064934225498,-302.56352469164136
162.32415069054025,-182.35936755617382,-218.44679345576822
630.4067995036517,-1435.533691233236,1392.7464172898963
54.95746552196986,-160.75193546214746,210.95113544272536
58.469992843067665,-185.61931005103617,-229.19245313297063
98.88251753145816,-235.95058584087624,230.47242424417757
797.7016026377488,-2395.673098417757,2197.2488762692838
46.311131236263655,111.38226768296019,60.27199420476287
-5.883528105295654,-6.723159512799252,-25.257385969447693
-3.397511818086023,-17.482023654834556,3.479863386366043
29.011316190205516,9.704428649847028,9.058253473045868
344.97311765703733,-807.044530732447,930.2748814779577
42.73267640298602,-126.45167055738857,-227.3182752479073
178.59368905684744,20.70693234229166,-270.03576013379757
113.92937521589035,-43.674447166353325,-37.304062092891186
283.9535917912328,-901.8129787864989,983.8932004547443
296.6620226052257,-603.987755061023,662.7251106643857
231.6368495894376,-476.84303269879285,662.8413306960408
289.80631396108356,-628.8676764374657,657.9389440855686
322.7038017522759,-931.6939700431262,878.1867380687927
99.75264425455894,30.076616606986892,-394.3073327972734
11.129204066326688,7.720048807013849,181.68782713012828
180.1540365055513,-604.1536457397947,576.4869589765854
26.698122224847214,114.7107132961719,-29.335186206168377
218.54903830370193,-499.78002533288566,573.0742750811514
-452.4013042099408,354.464795811197,-201.8035898185931
-69.18283864516587,-62.753343338618755,38.02725129196661
22.53634944304227,-8.658243399340783,-41.5888491294104
258.66788541240356,-826.3130420865265,1012.0813050017208
169.1000743591999,73.60209151255955,-47.41766612445062
121.60743141770764,-315.74880294173073,4.405798548691827
-13.1832488687265,22.28128979034391,55.010388823784346
93.19844159980957,-17.766424611597337,-36.80656729290729
-88.36495785761475,-8.008843366098171,28.475644468901386
151.69168741771364,-642.10007261689,669.8461414644047
-35.79118153468011,21.40063411644655,-18.65316790160741
-3.1168790101646824,3.671183038113518,8.173046929607247
509.59522363748283,-1001.4850204805977,1237.1407762250992
77.02306131506482,-163.46861866203724,186.93704485302322
-1.1484549684327685,2.2250036496800307,-10.594532311734795
35.587864254514194,0.11528519152399902,-50.5069400625982
-2.2244309609141695,3.2325938361609965,-9.867821459194548
1.539271183945548,2.1188776584872655,-2.574939731146807
-180.4475662996535,-3490.299611119025,-1590.863696373424
-506.17914310965665,-6096.509946066348,-3191.6060459578766
60.713419749678145,-5702.444719119138,-3703.840993624396
-280.7966861086758,-5657.070068428653,-2521.648560358682
426.46970528042255,-847.4711276964499,1063.7917701782324
89.13715430540782,-213.98973370709624,226.96529364486537
141.82073282173647,-337.6321720720002,344.08520911665033
34.41638894751846,68.65222442454596,-202.44972938824813
2.5323165480833616,-19.291896243089578,233.33916155083392
387.5925727236822,-405.77259293200717,90.67467559728351
535.7250583899468,-915.1676903427613,1083.7626461849402
478.02113618203015,114.16420944071898,69.02969047458203
143.199287451636,-662.3161809252385,664.0908270100938
208.83592263248815,-447.9092547114574,467.92956398486314
20.252799605463593,24.150572999993113,-17.366488328759438
565.1692421983144,-1727.4994151138178,1662.0478158146957
201.1674423897602,-854.0919169111194,745.6768319382411
154.7290709079159,-62.34452171620548,-52.73829019745259
328.23237625043157,-600.4373961760343,658.3764945335906
86.38791205625597,-399.1199647170657,433.61301222496627
319.276477862622,100.51275544380549,160.95985857577153
44.35491498314855,86.92530937302057,-76.07872388678933
-7.597454793152248,0.8170412365727673,-4.876204700107205
2.220150933230341,9.114127093596666,-10.395442366510606
205.95720619210948,-385.7974604476884,433.33495627476805
300.6219149987701,-628.3507012533514,637.791673261649
196.6237042873283,-497.70690060378195,436.87280845196386
32.30456812230577,-28.339800983471676,-16.315320435055018
354.1133557375291,-845.9921730946769,725.8064199570381
409.71016155616456,-1019.8895829293664,1079.299498308873
152.62488583859604,-423.2077366662842,443.802201943114
78.63430226503756,-9.568625158961252,-60.24877964621359
-89.0950807101595,93.42492509652517,55.15249938995349
56.40589648071297,-281.0392204859981,279.6776033057164
198.98238367685641,-502.26773225065244,488.4244014533501
129.55804482571097,-461.933228120428,546.4735480772878
280.62642658716663,-948.457422426822,1049.3326483743783
-332.6861806718524,28.53750516888114,26.615917750692734
-13.903368120893226,23.51530001026134,1.5929242550520106
101.6152268000432,190.6370792967833,-101.69566118359096
172.63385134199132,-329.2013500382776,417.2441019401072
-7.280166345966125,22.585879091590833,26.660358071959617
117.17445237850023,-245.42664990260317,321.1274742471962
69.59132934613704,-209.25647343352932,184.20769833804485
13.239546706027035,27.460408796204526,-26.31291755496265
-26.450527700269294,12.030056581257822,25.464067388950692
108.00564284951518,-436.44294379098613,449.8738699099127
288.87119098784103,-751.7240069334562,736.9671019232646
16.057236134616858,14.296461854226353,-9.164059535369974
-6.448645039059583,-9.783569153537858,1.5120353230512775
3.596103080930543,-5.892296436463746,-16.521374506564474
54.77130642070716,-353.16884898673646,280.38516205276045
79.63158072477613,-308.3025054776093,311.797445152301
523.8197543745383,-1414.0615196629158,1412.202621416489
24.199861979203607,-84.79276046015308,70.19238903709288
229.5156131075393,-35.796005304862,-20.993511213816134
147.8865979571313,-506.6621419393653,535.9883694998243
-278.64711899593317,61.28179669733524,274.7385578924311
-33.876950976931276,90.54689858972786,-151.08200853936293
-34.15096439681857,-37.47708244450127,-150.3285905049844
240.97188179970217,-112.23566510849265,-42.36974331483066
138.26267983754062,57.117137384629004,-267.0124041128561
145.4637253849649,-270.50686096574793,352.28643657198194
-508.24186103186634,33.39894636248393,-399.94250224468647
-76.29541902226322,96.25109976670717,29.601988968930097
-44.99764878585987,47.48198348253778,42.574093044460895
68.0492766635537,-308.91606760445785,327.7213428545129
133.19136323760986,-289.0022817163836,301.5672788377928
290.70182122959966,-990.3227172640907,936.7579386930549
63.92852961298845,17.791314917192505,-123.5300078524993
-25.396689601929978,-23.000437848301015,-53.96801888609276
-1.1051240996910814,4.533315316530977,3.06112961014192
160.6995105119205,-421.44154030368867,425.52972129885774
61.99247612875593,223.60404781808197,260.4420605965836
-2.9980961336611167,-401.40878232339827,40.50134142494524
130.6986292628832,-350.7331459845954,427.42985216354737
311.203113925509,-688.072852492586,753.0241052886573
326.76998456549916,-1070.7392273045039,1108.1488728047407
181.5443252796538,-371.6907149853298,374.1844568143493
239.12341546277366,-894.7278059586827,891.6410676509801
-24.222179476194032,0.191108717472442,-10.746329558093349
341.1366165426705,-715.2696757030927,633.615691309339
305.88905305264785,-828.5567767181007,869.6469427170235
504.1898586282461,-1034.8811179179493,930.4231746003134
213.94073039176646,-468.8978748773291,611.4594323550517
-120.28462277506051,138.9664477325198,83.46125247362534
0.21701447862789952,-19.7211707680212,9.751857813494407
-113.1093366438384,136.72042302313034,64.95619734380342
-15.41224827279605,-12.135130114257416,-25.70021882198161
260.30343063970673,-580.4818843926435,501.21458129045396
182.9160584823,-423.2571721632691,457.6463746842671
2.5531253598854895,0.20598773160508035,2.4756733931473636
-15.461027189930876,6.643457375666938,-21.905128797154212
230.7052405802698,-566.1396479840527,527.9082575507726
13.414622208940369,10.526337073657551,-80.38467124827436
442.7438007974859,-1621.0256840279571,1382.5982153095272
71.64507849310958,-199.39900791619016,270.829801053642
123.2098376329977,-596.9009005990891,666.7363444409241
121.63594838007694,-328.8878245039707,271.5044497678162
32.803476084538374,35.820371110168956,-59.622760906728324
431.3593494807893,-937.4035976410847,860.5025082735445
11.347094371289364,131.81889553273635,27.068698506921017
-50.55629169741086,48.208938766365186,27.755237120895888
544.4241600428757,-1076.6508249293768,1149.9047313758224
-35.54753254152373,9.800393990163302,-27.643473910796413
103.74684755312134,-418.5941753755253,371.4661117645502
6.125422294143761,1.363221206130624,-57.24165429843518
268.39367894225046,-550.057517355452,742.4268894602355
-453.0666191539489,-248.80537079802278,-49.247137089063585
8.160684639099705,32.36060976723551,-46.23591318405925
268.55539849385855,-748.7403106987707,851.6356384478711
255.01439844525837,-751.9357757994502,849.6587042798315
-28.747996945130645,176.26604994561853,5.511325449605968
-34.42538559991607,66.51230946501654,-106.21754408725032
101.69389836516243,262.815088661581,431.76339389427324
46.782427018354184,-113.17275968579504,235.53807086832833
160.58900033825208,-422.2163916289861,446.1972941773173
275.29159547186885,-542.0762942774545,578.2874392730448
136.4645484572117,-545.6142790440169,501.0819425180347
-241.9364737603504,227.27870799084883,90.22334320129
128.92603213838441,-315.687802343881,271.7153693561389
24.600164216426432,-10.063878837592346,-31.04777579404221
584.6699081837975,-1279.5196947633376,1216.4588351346235
105.90766466870559,-321.29297296735774,295.22092081391816
-7.514854110285723,8.011494494732414,5.918271618639513
6.2894495392703895,-2.829157669471054,-2.189068269343056
-327.00900561669266,404.895111182406,93.70666897915505
261.40581191356495,-545.9270516888631,712.890498052201
38.160616727147186,-109.12530028653897,113.48760358901089
371.96159983409314,-718.3507282670622,857.2925343469657
-139.711296661327,151.20423787472683,48.1734048405726
-58.01667686118536,303.1816824065026,-725.3679239862673
-51.868523624859904,-113.15022241068473,-59.357975255141014
132.7332052999287,-344.7536850249151,364.71145273565037
158.7247367427365,-489.2171052618988,412.6437299779524
294.394204572973,-554.7450290137748,620.7724841867209
31.284073816512823,-128.1614114337355,142.48722212449695
-11.942606950419433,-3.141911253679258,56.45629966719212
233.66814732496118,-991.2276727190351,907.7241354958707
519.6122484070954,-201.07603579722186,-73.05384338552776
-247.04639558105427,318.9367545019401,122.57382083535815
319.2125824937242,-792.027260793673,673.2272315773915
173.07933489967516,-422.2911264198515,411.9781405690587
176.10462329889754,-388.6973207263861,360.5462683441369
58.49130768887073,-174.85485833357848,228.3554432085867
204.3430789842497,-387.65159097349516,373.1804357786656
135.86862729042457,-268.2648621879002,262.30099692819056
85.513333253695,153.94929033031565,-83.6543312604595
156.7990509317622,-583.712684762058,605.905464305092
80.19996001157038,-369.78945461253073,422.52197415106065
416.98840046744056,-944.7041891424519,936.7518760548642
-133.59740511305094,166.98566633398875,131.3256811216036
-32.302302449773805,40.59093278948312,-1.420590628225358
205.27015918890598,-652.9101133878011,701.4564468357888
-183.3419032734151,81.68988228911257,-307.2327583521533
294.6694276973771,-726.1408950469647,926.9564829704213
143.88854984849442,-282.89920163688504,333.2223316041564
286.98150082796474,227.20737226429196,543.1946781222035
136.59201689776398,145.5504635867154,-120.70919693831608
-33.63923605002178,141.06257386176125,33.16450960689851
70.20418163123297,-253.55195930495114,233.85204043178507
270.9848269833165,-1041.6258418391376,878.4383655429273
-20.37452650862297,22.390084349369243,1.8436110808818826
-142.7200440903335,-9.501649412614677,5.047107913748867
155.6086060529636,-442.89395365986496,571.4678151766615
60.74954687455861,-58.24920655199189,122.86243573850876
4.362208587064898,-6.509190066581878,-3.998312483654706
21.503099154695544,-28.45361381373804,12.119997743068579
-57.24797304642116,78.83417216566973,40.68143656546286
252.8824522543462,-614.4644388852295,639.6734179065818
236.0450613379305,-644.3403510119598,717.4249287812329
102.16542541631087,-256.10005699980877,226.86144700058432
420.142287861343,-1027.7882950939565,984.9516439493334
183.74012952658234,-419.73927891350337,452.74147384431984
181.50901604126653,-443.6879845625382,499.27762458832876
10.417972607322428,15.595336066807096,-51.59753152890577
229.306464285246,-543.2350511271959,517.6394645782253
286.7913617876012,-736.2639911610931,846.3211658250967
-13.827053189656485,-14.54865390577227,41.23900781566486
-25.21766794081607,-61.38629614884007,76.46931979397777
166.6959315261093,-689.2104106238668,719.2507743480875
-6.959041446827835,10.087324762005968,-2.7474741303884205
9.244585980913325,4.43389721526237,-13.978722402851751
-7.242087728259892,-12.676193232051165,9.589883883024218
-408.05120443297756,-35.92622832585444,-64.70120511300367
182.22761306864598,-559.8507809331929,500.08708790049536
307.1019283493126,-892.2654882876463,1000.3353119904056
480.20254176455416,-1233.6846730613404,1300.4038358665339
506.52010455082575,-1074.4984486403803,1097.180865880934
159.2931502674491,-312.2508979861627,392.17077019291844
379.9100535641951,-1056.5887816884524,885.5441816256048
21.098797552627932,-50.09378310313339,27.239833272974508
99.20141203689485,-181.48893391560964,234.65599399985862
255.26602860457135,-618.4789450431937,531.6987129077035
157.34792267882256,-642.0304910114949,595.7632021744864
91.94186754141853,-244.34972172307653,468.1722125488135
199.95674201624212,-117.48326638442583,678.5923310986473
35.34724527463885,33.32838139145085,0.044377026880892526
51.67447115766585,-26.298702861213542,32.22740171970367
355.4983297730851,-666.2524388006572,641.4737465903988
108.6686782092387,-347.5503495003677,291.20941462018226
418.0490101856015,-925.1469292284936,967.7648685615363
8.864988700879763,-63.5311374798629,97.4709996401393
295.06230927457466,-751.3673296330535,628.5360725572159
92.33993893910215,-286.0338237426408,246.3559706032853
238.880303395315,-484.9944446936244,442.0133386472462
132.188818061388,-474.2782709685834,390.2474806012003
95.84702555086282,-239.0515233777756,257.26553940202916
714.4415470944308,-1666.8715108945528,1694.1065981966503
6.169180158023999,21.1493118417221,-42.36007657039156
-269.4166418126269,272.0377164988362,-90.59551956639753
203.0800141478456,-366.78643332633027,406.7444980297339
20.13933473759229,-41.28455904855945,-50.23814538031052
315.4088442394818,-918.3287957272671,961.0604956575947
244.573043982239,-681.292677834988,597.2024607908887
214.08260290699243,-469.8727307412446,497.1248873656727
313.2806608227554,-688.1201955224662,809.2602017080665
424.1000809965656,-1176.131557369715,1254.748101077581
448.4848805308514,-33.70296552396742,-75.97829251910179
51.20904026430472,125.61256410172047,48.92172052371
49.40285030602882,-7.282428680959867,7.590455864889917
298.3806019798618,-723.1090187980222,617.0380099273439
-185.41809501867297,51.853408806518026,42.80893353951346
199.60374794642186,-503.9688458000557,488.6873822779763
-23.731110042372674,-21.282091425110803,-0.1569340308026603
158.94893205495143,-558.0198300927216,651.3871704338984
-71.89252558037055,-44.99699158669291,-74.76766419932383
427.02666907283736,-1296.4738126591685,1247.0016930981114
225.57092287447622,-769.8918386109066,665.6472925610641
265.11376030234953,-545.8595009758463,615.4836934101085
56.31530378711311,-241.60083142030547,235.62712397426216
227.87168254517567,-688.1983613807107,658.7549486477773
-265.8381331857488,-5.202482929664092,-22.79069133840927
129.96814258720718,-522.1473824361453,534.5517906513019
-336.01102074157643,19.974317414905546,84.69916170194651
-7.981316547848411,24.53555827642702,-11.972133050843297
82.55456657505583,-366.327129950186,381.1371665215348
-3.722787755890054,-37.312437885186604,49.807348650060526
52.81463018056259,-50.83008946539794,33.64306041474302
-369.41408587559977,818.6007199424971,-222.36690460210272
154.84928145600844,-583.6011013100274,493.15451716300953
169.6684153718105,-298.87278357388567,374.3740702359287
215.5521827017201,-553.4633466466474,652.4654944341632
-34.68727658961865,15.729106863810095,-278.72379632184646
5.194097156501869,-26.289070933805665,19.874670960198397
-28.643554531224222,75.66183321482778,192.95493831303818
15.357423469560578,-10.029851156511974,35.62004923234673
256.1617014144138,-613.0434713117011,782.4449344270639
-158.66857472708043,165.23737406854843,69.13840557900856
94.32856451686595,-186.5532457740068,233.04845211108028
-48.317682914165005,-16.062461192004612,97.0058508919001
241.09270635903138,-562.6363864828404,712.0656441277093
-10.965293208544821,18.001131292963976,-75.54387278604476
184.76323168073753,-671.176312313064,725.447717557045
162.01212394877365,-72.94821153520637,-32.89431465195762
-47.346121384427875,-56.495114565776746,41.901105438171705
97.89664730608376,-349.3118253457671,363.7780953051415
19.50635919313594,38.740162938517614,11.823223704872854
327.27938439857684,-682.190058396568,748.5056478561638
-6.524831525125146,-11.111336665056907,9.159970596813896
-1.5401378187725274,9.413773674593136,3.0197468358661834
30.40138716981209,81.53920515739375,71.62861006924284
32.67480870236299,1.4091556625594586,-39.3487036558088
180.0155974902998,-93.16871718238578,-40.010504405705724
152.06094614450097,-316.68520731965947,397.010431861108
324.0672765062014,-1029.9387110724742,930.6220159829786
129.7537763844367,-358.03710788023454,337.4314528548501
62.361046407236806,-258.45325294705196,284.15715789168786
49.48303495253799,104.75524764629678,36.279649205152694
-25.49805603143782,19.797253863582032,-6.960101413668039
577.4061058066401,-1305.1047357320417,1531.8448100728115
237.15979141530923,-518.08416187763,591.0282822305551
238.0217898161923,-602.7701035292423,782.0741690939825
-19.62160147684912,23.644153449998175,-7.238577116854651
155.94566475297944,-467.87377125562796,419.4435833241315
340.23574213648186,-861.5590929672528,911.1465477618196
245.4224886550937,256.7538962497062,-143.02488324391499
-4.085095090886398,363.6186062651364,-3.6628917398833143
217.0609713535305,-513.8146922714983,440.4629393002405
29.949117688360367,-39.746695575585456,-62.93559977088067
-30.11894959141288,93.56439063444903,-253.8516274710764
43.59466933871029,-169.4166970310718,191.85905736589694
-37.84934562956825,-60.39345850751523,92.23840140589232
215.04192610914424,-759.7800055160228,786.1438105291816
-1.8189510925370322,103.82938330602249,148.41660250866147
58.85686415549976,63.44826133222667,-386.64574101456043
-51.69234897543245,-119.54581765311286,-64.71280317719818
-218.54023043015204,-29.49622360826281,114.56167986018448
210.40925393884032,-519.9089662090939,437.7986635352966
131.86268650784018,-581.0133823559853,622.2600689954264
344.8843292147634,-718.1756050752242,743.7037156266721
15.040800147508895,306.2213767701625,192.2049197833106
96.08072953180746,31.858266308484836,16.009671122584727
25.416296940234698,30.48330020124774,-26.499022170193854
3.0431810158847235,-8.282731833749382,29.217786571106878
103.46848547148947,34.46773118717242,5.900808846674993
-147.41288520641604,-24.86660192828364,-13.722563888001888
324.5209591642609,-745.2509022198724,665.6813422378418
91.68658382680938,-286.642803088927,236.0987269438192
-3.2161952794177893,-32.15033251893522,102.20215042183088
-76.32571800664628,74.88523022021904,-6.391634347700383
116.07623513580815,-256.4732272767967,336.46413410038394
106.2143627540595,29.76430710026227,137.70351216868195
28.8495849155068,-118.06159355623946,125.67136449153512
15.367449472465848,14.976588199773023,-32.04412062603105
16.404265914568203,-19.56980532280206,-55.90309512067972
68.8329611128783,-72.05165102856294,-321.99801729900634
161.3786692141235,-209.57949889486483,-263.47646534492577
73.00688991501868,-313.38730894807486,359.02244884717203
-32.794473834952946,69.89217375115084,2.829021630798884
69.25629470429072,-178.99054147716407,166.17582674548075
69.29122286877636,253.16210859426624,81.59590493066723
204.6015653973006,-471.2238934102773,419.77337271465154
-127.77951749874417,13.959460828264882,47.909623721881495
183.5963557875583,-428.7696840743553,414.3686691357176
16.948872348278044,-45.61943826877642,45.84957046606951
-45.108152059717874,-14.064415280287463,-82.86623805230323
32.509454710262325,-90.18013937630027,-41.7974490311605
179.316999637166,-581.7862375371146,692.1306731662256
2.039882270026318,-0.6676478078113721,19.43383211641896
223.81170966892304,146.20189700215997,-189.9195652297138
91.22166149797663,-141.5568684656944,-305.50922451660057
-76.2136904711837,-71.96819172449585,271.08513437787184
51.81895332045979,-216.93136660583252,-111.38924574795318
24.116521507750978,109.80591261197735,315.56515174337136
378.7870225355217,88.42809736487615,23.843488819845824
100.64848818527045,-0.36295112206212843,82.42219587891645
65.32881158158216,51.112404782648625,-1.4985834520685377
134.19972790905322,-316.84223834136156,376.4717916032646
189.57479895716287,-572.287037655393,655.1912896520878
209.06636997197214,-701.7123548713341,583.6312982086116
229.52194665683183,-495.735151211138,528.9802649972196
331.3207292440024,-802.7556946185339,849.8836280519454
350.2585300819473,-796.2790242828021,893.3466091008921
12.731520505436734,5.123649332197321,42.993659276110904
44.980758687144174,-27.941677914562014,-25.85793514683221
-65.19268525276966,2.454656739963807,102.96145176629096
275.3511804207907,-572.3017598407209,584.1946161375429
3.3217195647853788,218.74906003034422,-19.186555474440492
-264.6888469458615,-427.46061853861,115.26249617746114
-255.308375195471,-105.69347623218597,-62.44795222427197
269.96538834356954,-670.4008861334653,806.6599683683145
23.094251992255344,14.598304258748234,-8.009635892300167
-140.33872971073126,430.7869773888564,-85.11175641679172
15.743412557658798,-397.68357576644667,402.7032434034424
361.7974655626472,-823.1372283533289,832.8082144835297
263.21535570259294,-661.0450550615171,648.3776897773962
-114.31966433623879,29.9574609539559,-371.5750959567149
-9.622366573560239,-62.47277985410717,40.7332268070465
26.961637507837366,1.3788548498010587,-22.042043405482108
288.40611868963526,-817.083011925155,793.9391102129288
-163.37925033138882,335.9929019279019,-6.9997171529066815
75.24190193317773,-260.36461440070445,264.89375331526895
264.5087025191317,-640.8699196355346,528.5580086404791
147.21172410195788,-562.1214551185558,569.385977023782
333.8596775115426,-717.3744919792294,738.2288395812179
104.63772553309073,-207.82792464025184,272.75200541698564
-164.99380622229125,-21.92381822500415,-84.55498922427921
-345.0615943607608,-248.87996339271638,190.1047184655076
-113.63070720483593,137.17713029771008,64.03766723120003
-7.420079821949789,13.711156913782332,-31.470559444845154
173.29633146048167,-423.6394539918918,506.1787121361296
-124.22920674766935,223.56464477952727,-179.86379310869822
186.69671232647647,-327.8393143970708,393.3947070197354
-51.34279759057668,-113.21062395331535,-55.572836855919334
-323.1101225609573,62.561457489221034,11.41622601683923
1.0683266312474549,10.629161787143724,-36.53159427347363
74.51629197692147,-242.36921505334115,223.34182686061624
20.99761047275006,-39.45888065378083,23.866436607615675
26.555202757484835,37.67166554825169,-42.62504866823658
-101.47661631998577,-110.86713589947173,482.85246061990244
-113.87610458203217,98.59887347469983,393.92808985872307
-498.0534657741364,-187.55194901619268,-526.4470665466745
10.688645743606218,194.28149141230384,-344.209287136153
26.65894362092395,-161.76720646405437,55.58927348717921
448.44608810592666,-872.2481291033938,876.3493452602796
59.16953522027559,33.760432906631046,224.95633197750496
335.37062915478054,-833.7161907155203,779.9091413998999
13.9051498617437,4.437147037467086,-33.07574901797911
-169.8678891944564,-69.49896225059805,-14.79931173094965
88.51326242586961,-336.6357660864935,408.0246606457614
236.6570435595176,-529.4518387808333,537.2054917824863
73.82563026673446,-206.5914316404313,249.77610962114937
-2.492838351318465,-9.011063536621222,4.508058013509951
150.4589640671488,-536.616475766071,628.4941193585206
41.797385172534014,-3.3158937553962384,-4.396702776144607
488.4157845543703,-1010.9883685884627,939.0573882234129
156.45106375208988,-414.171288715036,503.9809078685082
663.848875487807,-1498.7506558205514,1842.1232444630414
405.69975387329004,-167.9333660734986,-106.30768376451532
-7.253794670883064,31.729368908305425,28.161367217578942
59.43591856215545,-222.7340772388813,243.49062953267193
160.4605020327995,-524.8598277667256,617.6475036046572
-13.176755218343887,-10.047841661690889,-17.440265814987917
38.86430338413387,255.30783343204004,-178.60841001112934
235.2275745523665,-657.7123370400581,600.8232370643764
-47.9184945638793,152.08772050328687,-121.17102656924862
317.14939664937464,-773.6514113250246,826.0737850578092
33.059415512435926,139.303902625223,-52.806845771722585
-53.224999726042554,19.996083528653703,-49.23088270910722
343.5319212116679,-747.0971395879675,847.5591384252178
454.93723931944197,-1014.0242081951792,981.6169427910994
312.9954401162977,-694.3143188928641,885.8853812129104
-13.448355945455152,11.311262148791814,-29.80659645406786
69.79415132765985,-309.09455839566124,309.72932965194445
148.55944159410635,-994.5293407406255,97.50467229453244
-150.12603084536343,-7.214757612110197,-25.86730013386556
61.084596379118985,-9.765528117533943,-1.2841038687654986
215.17707923836346,-442.3854122991311,581.9509669348224
-17.518267182804482,-12.423572168929027,-18.274110941035886
21.276771570145208,-66.30765871195794,-3.2094489013488507
57.430871897825696,28.43272658237639,296.15183782672585
9.464883393370377,27.53194916253197,295.0270146235115
191.790016962103,-439.3900262671521,408.41899151071266
-3.659233763454317,-246.048046365473,-139.44514069303207
35.74844046448373,-81.27546911271776,87.09613367345834
210.17528154657447,-89.02262687804912,-59.45220449697218
333.0600703518859,-817.3182779787699,764.9481457059786
447.5945517461485,-1197.5826500718968,1064.65285473432
98.5384670630304,-428.67560763666097,481.2796379727774
117.70159090380189,-22.407684827207877,-10.907239815763777
-102.68066327737483,291.76637137315555,-111.53394608216938
201.86891635843057,-641.1247080503538,654.497704777963
173.63323362472838,87.07392314921465,9.161592079172744
10.127806044950974,14.713499768680586,-34.70736855601258
31.76288533389038,23.82042034942209,-20.78787458815762
5.095943552039147,12.881445494468553,-17.70363380149585
63.68826445269465,-1.4799028741701852,-49.1098166335067
27.147842646622955,24.657375108120693,-9.510038844380698
14.439565037832802,5.381052869486414,-16.36072588682998
86.5733663656596,42.616745754224,-32.10194469868004
41.181798670423795,119.58426284921309,-78.74509321906346
-256.81741730723445,-22.024414378218744,293.2296225894279
10.040137536235608,-44.208773821180245,332.91245122476454
371.0670627952227,-1058.7509055850169,-54.373329228889645
143.4812645544776,-524.6138483249747,575.2074212773236
59.17912844288939,-28.07152529345112,-11.092526080615416
12.035683332155335,19.997109177993053,-50.48011177098863
-6.038306102833867,-8.488036190870464,-64.33910470810852
-25.48291684237352,268.7689567636742,53.709301376678575
452.50103236123164,-846.7874321037006,816.3942301016343
35.187947951474996,27.761112207551665,-8.187424770586471
220.60132445789196,-574.8245582971541,579.0700776330144
93.57920802950272,-267.2767178938984,297.9771599056486
-57.91948855416223,38.485895741596416,-161.36674701930147
172.28629030785746,-545.6904127680245,716.2179393075963
66.75962732372437,-42.11718807502933,-75.06980253237676
-62.397958845438204,11.199206195196691,63.370847252663964
175.51098911013705,-611.0284576582172,630.935176002576
255.6868158937087,-736.4175408863434,803.4745283784965
-0.6889892342271926,-6.349707401276026,-7.264732663752979
-147.23075175178636,-51.65714741352119,-42.60801460642815
-4.847988005371112,10.96472791497597,-40.674793387186675
185.96624483142398,-634.1346661771771,505.4688961911099
333.6495962513956,-925.2213932161974,1196.7970373276994
-4.1290822555997595,2.477741066082839,9.364196013323186
-107.84477337082832,-3.0734253094010384,-11.011108684515508
462.90457054642457,-928.4251429734338,892.995902208957
-38.303242346120115,8.833605872549164,-179.60575013641088
8.904583033064005,1.7575447258700423,-20.057788691274894
6.762704711521617,-8.997704300926745,-16.981350691209688
57.450052311182766,-239.30122147032935,210.58247575059698
53.78401875540758,-13.625622124404584,-0.41675212165164804
173.20912802357375,-510.58118123037553,573.3974539904303
436.2695126119652,-870.1849190471298,1133.8644500681105
-225.93898273187278,-21.957618434717315,-18.732050068314663
-25.651539605150138,93.09843923552579,304.69541275147964
281.46639515109786,-898.5978735643089,977.1257186904601
17.36226987422257,3.2397749205418434,-13.17343459272833
-14.518741178331284,27.325847783914814,-6.033695710503264
152.4533545380457,-311.1406017291888,315.7463397835283
-9.742933572195776,9.496900383224574,40.98728962457617
-12.948006810745422,-39.868838015573644,-11.9917602943371
176.5034624291016,-749.1395670033751,668.8217695324626
405.7898300073427,656.105486745402,-459.96299889142307
-316.59202764403267,9.992916545172259,-6.626342291287547
356.3521123794466,-939.7853115191049,811.8060486690433
62.04380918468941,-247.10587296771095,222.90445883992396
173.18761853767452,-355.02823106994083,385.1800701718582
231.4792927072921,-425.4302401857335,544.219738164871
110.83269100295414,-428.8572083871735,408.0001580188469
141.81876728264288,-579.9413979013462,688.4523241355671
196.8064517132658,-480.9984370116455,448.4823616123472
362.26506550129153,-734.1320801089357,672.5886940562352
253.8051005065774,-543.0851308026112,606.679035571493
31.867401915196137,-13.920926408020609,-24.268370780252805
-50.621924370280766,10.768460195460806,-42.40307852595553
16.02892555351981,21.394704297092865,-173.70290635921918
-33.23441770610747,-39.231142131782725,-1.4292570034226988
29.73150725185194,-12.308948101877135,-125.7521597792991
100.01891920667143,-456.0289848638266,523.2517136042624
62.13613231355192,-296.5152047594083,294.15802346459793
-8.266064074042223,117.9172971110986,-55.199590820374084
250.2564952516118,-618.7710823549205,664.5851426489313
2.844398944947633,-10.162477033864441,40.56745795509202
161.69619975713456,-11.792848766573348,-5.789312832242358
49.36774832705739,-126.91994913996669,101.66845449511169
-49.06423908447986,69.28294951471118,-89.41321803068594
506.0865182392749,-948.4329107035718,911.1355036715443
231.11632737108746,-729.9121728718422,808.7210802347163
275.1565818656776,-880.1086351917623,882.3909619986426
115.84424712303566,-396.51864046681055,389.55966398852087
27.809923230614,-113.72951762113352,127.84292826578887
14.74026073204098,26.49118000154199,-38.70720197698811
-249.69076946336511,38.964939401286856,-233.4592366286815
52.44596053464689,97.2468859752893,40.87729982162893
159.769383612008,-436.43556544886934,396.81139663140317
28.12849978153968,-14.708267240509159,-27.81257167598292
-33.813159720568606,7.429221238267352,-19.51858094007334
-12.408266443120908,6.5370852478947565,37.07013664107912
5.753946019719476,-14.019826053323625,33.99605829278892
-66.09847556849093,75.75143165153123,3.2646399901059078
86.73726719911029,-300.99760028115816,309.5999880164957
304.9870835152333,-880.9078975397869,900.3621467725665
-15.760267935147697,-18.674498837547628,13.66128350993375
313.5199460911046,-921.3243090293366,1082.3819962908872
312.9719796719298,-638.2707505238269,787.3321928296746
570.4342027853013,-1147.3315609676324,1265.3804889835599
-75.90850957890406,-3841.205679146062,-2144.6157764666264
-251.08922959209326,-3997.629258931218,-1820.9652679059777
61.77974116558539,-880.3357875767547,-426.1363217247837
127.49722396396109,-6367.520836167254,-3379.7223049915456
-50.04196388405347,-3392.380285528917,-1983.4696368246662
92.81814949832972,-207.66220934991986,275.96010141434533
290.08392240348223,-575.4119352594845,746.7706228956422
-31.72709972825043,-53.640129329090115,31.586500491224708
-0.7221437505914418,-6.752849556309056,12.602026484789592
-43.66485661939154,5.876273833806348,-1.119190568268208
249.3862431261049,-586.9990168111611,658.4744083395934
-473.18814127151165,-5993.701066969741,-2470.149894797035
-602.2489378649723,-5257.518999992785,-2446.362643100032
320.75513384171654,-739.576764358739,686.3165393131952
-409.74238789120625,-5505.191139309046,-2641.851944231237
116.81083314618759,-5076.595136306036,-2802.594699790463
-120.45116549865541,-1600.0349903711538,-723.1732477892125
42.308991299029714,-2942.4423593795173,-1493.3997827053397
-419.10575829281424,-6831.0404178136505,-4588.990866580813
58.14255812064015,115.4339966114045,49.39495976824185
-30.25491280669819,-29.44999932435004,56.81196346804844
-0.3993864964391694,14.083777842682958,-44.7249284068115
100.96925146308375,52.35477452922553,-78.04890417538554
-28.15092080695003,2.1781552873941052,12.000798032832028
-134.68793248333458,-82.4054756765231,48.25100462053266
0.5590875988091834,-1.5164561184587548,-12.376313177099503
225.63046336205608,-600.0265633623037,561.2156602079516
-121.15389207069124,-13.77384434001488,-2.9900650863049245
173.99314357412413,-961.3925189139975,938.0899222171581
8.274887869725383,-4915.240087814716,-2683.34612105295
-10.081666523984739,-5523.180417172155,-3427.0069214062178
-538.1325985013108,-6446.0585341764245,-4465.237135965067
-320.9323895362184,-5489.426094895071,-3074.6062430873358
-139.10566843107884,-4846.334660557605,-2997.2804291371117
-530.6926856685917,-5920.618735213933,-3112.6739414226518
214.5108485116131,-599.1866554943823,601.249508338497
283.05953380453633,-750.3421099709424,682.464108892704
0.30063744814322213,3.011615759619484,-18.017768887439573
396.243016162312,-1038.2941388123345,1384.6024509044273
-133.78623493308368,72.15764513325618,51.255916607283545
222.50494876571315,-769.600583678389,888.0980638289052
5.268595245694542,-3.4645123716625186,14.714861166984969
-12.506476024006387,-10.128711732943612,2.764060189627536
-332.3676231255907,-5709.321342894414,-3913.832082073548
-11.90034223757851,-2223.97483715398,-1163.5696393257074
-613.658579056392,-6177.52062960776,-3277.508507864019
198.3384353682097,-396.6490488188001,522.8550333771606
-77.67587668336172,-4989.880921924581,-3147.2297093149327
220.57635933401792,-3649.244552443122,-1742.658964389519
-6.121471274775506,-696.3438820030328,-413.72421440662424
35.79954912114078,-4630.459443212081,-2578.2869772488057
-106.77303664398245,-6203.8949741617635,-3451.1283181325252
-232.9306232115719,-6276.085111348356,-3721.088416025848
235.48569646305418,-526.1136731287544,489.92035873627515
99.56612794341711,135.3007967756295,63.138982247379566
153.48561625683524,-311.5116971670733,417.92226401012556
131.626473645828,-519.4409640522515,522.347928660612
101.85790891645865,-398.36314380510476,430.5238339626273
-100.19161357121226,32.787239090424244,77.52205200989088
-4.747498167932254,-9.029071640188704,13.50992265528637
-343.64516665548115,-5824.125602775086,-2630.8684806607243
101.84890558695115,-310.46099394272477,364.9921465550125
85.04078958424574,-348.5672025694456,396.56925541927615
96.00506472453293,-6440.606166484454,-3601.912719068809
26.007399676207623,-737.6462015338182,-421.54679043353144
-125.15615132926656,-4281.736999771529,-2520.3103385440354
-21.502228795358274,-2958.491501922283,-1869.9908254348377
37.79746812709606,-119.22303697682912,154.78442705001945
-155.44102767167703,-6749.699372619903,-3702.3501274421437
122.53569278923635,-444.7122803140981,549.6373074632914
-7.87437331287575,-17.479646855426008,-35.590522981533525
445.3833715968666,-1245.3744400401,1119.666568447864
-181.46892892511093,84.66815410530764,13.844133926429542
235.06584696880063,-467.43174819798287,548.88113318406
-6.801406247863682,-30.3299551128488,-22.082919573826683
188.9843468806825,-406.0378931010401,357.41732750406806
107.97350459494113,-720.3461211594126,-76.5906738257017
-546.5134952861488,-5693.117516277955,-3046.331555382515
-625.6368716899556,-6756.019215070144,-3661.8141501699665
7.027051457327673,18.287178617610962,5.806488462372201
197.20279956440086,-402.72103298987867,515.0287869192631
-24.90447095933892,15.44752437768929,14.297884544440118
-52.91891204222119,115.47750911779488,288.48311589626394
0.6058198153222918,8.953429733332841,-24.841918806155743
-59.57256868778468,16.03769904751666,-451.6257008510481
300.9163960340675,-617.6384489860352,680.203089182189
231.02601764215103,428.81476971720303,-146.65032915336613
105.63630527681693,-223.42997004053953,226.2696527070008
599.3646484025737,-1572.244855289399,1360.6143256857458
-268.19874932656495,173.01078771340318,-404.948332264073
-414.41926102840057,143.61211570424604,-14.647091029437144
106.39986333609188,-5770.956201500464,-2945.3596706421786
-54.351667465441814,-7.264229285965221,23.140009136924704
0.01850863911252512,24.43702522351624,-27.369205535133993
251.4826391430856,-613.9075434469389,547.8564439609826
74.98666768346783,-14.262317765591492,-25.698060591656628
272.72812201878435,-615.9421884631339,665.1641108932082
17.88109587303954,-47.26799012974,-32.719984422887045
146.68132571586105,-298.39455355717644,356.54719844454087
473.6088352982964,-873.8462663488964,1135.0300604016993
3.4856950463696355,-21.47118667997521,40.40092313001485
-239.48909772021142,44.461460699972136,11.142059126744032
171.22829981560335,-582.5984617435338,567.7129363378344
194.16976255180214,44.02969895259514,-45.701002721172415
-198.0415246746456,-6108.542292129762,-3824.995505849204
21.9490246172623,-3383.214288756472,-1858.2193941169573
-748.2529390143245,-6586.622673538355,-3465.1001855194436
156.96853964975907,-717.7834137134332,681.4633834316504
-1.588306813323234,-3.0573824625093824,-34.10662407780476
55.46782832898171,95.269238483515,40.47309531327894
5.840791235815179,-0.7202595502059628,2.134651814315794
135.04872922742203,-476.28392791503586,464.86602368842074
1.1123059041554821,-16.37996252130835,16.53779712102294
-30.397782105894976,5.111442427447988,10.12839701845341
8.802004071683212,10.829800120622375,-11.741848177281963
91.3034572752679,-5737.690391471466,-3260.4558960834925
17.316371281162986,-3266.3232788692685,-1695.0611732920918
-201.23774745532788,-6104.819969548002,-3439.5895842973828
172.71151294083126,-6325.564461674307,-3307.1142971631207
5.516018100213659,40.744174918808426,-0.24606922533604403
428.26702919159254,368.50155711631595,663.5465342832092
270.2226731980513,-640.6474040876382,738.9210748960065
-45.96649252796671,-458.38035123950596,222.01851658414327
518.82911501295,-502.6840092092705,153.412677641625
-10.417304399774133,59.03507314469534,-67.85767824648083
57.297383391029555,148.95245569317964,-327.60578859432985
-339.989898113207,-6404.338510824717,-4315.293165933042
-168.4656943922324,-5971.1113964504375,-3668.453080113284
152.82980987472203,-5305.63858960233,-2861.4231084787602
-67.33482987683587,-6182.037211843263,-3531.6118037053034
3.873927679550157,-3.096248307042206,-33.753021315354175
150.1908433672995,-412.47651250111926,396.8685820010615
172.73678053165912,-456.4426260859596,371.1459340802622
14.47392015721795,13.935390066003784,10.181091762714003
133.78129183196216,-634.984151527436,689.1683681574144
118.8588425927009,-324.67040930509825,277.01494862043734
-307.19559135499776,-121.96952785228088,-48.3220477271491
-64.19566302821191,-6200.198360592075,-3396.810151621624
-146.6153748896426,-4431.2369405306235,-2560.6723938689966
-426.99668055434654,-5699.718608192971,-2967.23467595914
-277.5337877912742,-3363.15975628934,-2415.498178494461
-315.2420874931812,17.96241918800086,-131.19635435047743
502.2666527897688,-33.13146045090785,-68.07025358959498
250.03400531523855,-461.4632466457432,511.89190912749285
177.4180121129207,-397.67643706808406,437.5885525236392
-22.06297182368477,-4.243685112533585,38.93719943014589
-76.85237174165528,-52.07377653900856,150.8403814588382
8.915973171153103,-48.931897117559124,138.83567784574643
-243.46280855113855,-6688.740078943668,-3786.4999692572374
-2.1949040886166413,5.473215236726943,0.5393401250222216
231.7457466549706,-5480.512622638688,-2645.444254185928
-915.9530804353707,-6032.244921418613,-3390.1992806412304
108.01725096610261,-3161.277756985012,-1498.2173462770804
61.907122980665015,84.63136563692588,-122.41323279648233
46.844035522443626,4.993868156878419,-71.58107820956425
229.78321194677497,-930.9915388541255,843.8165434438048
71.92809239825071,-139.03645590741291,137.5240110440891
180.93135270882345,-994.1396386025511,975.3119546925201
425.869073649533,-1339.632334466508,1441.2761128460786
125.34383836499023,-325.4641179126001,380.4088829605643
2.478028269183277,42.272436878064354,0.8630357624068974
100.86651084266796,-20.777572780000963,20.139356613300986
-24.454402287998178,-895.2852857159777,-364.6302776638236
-251.08190116622555,-39.28927898422644,-45.128175596331886
0.06049771328651241,5.512927176471353,-45.75815897502445
-77.88196731775388,-4.850738396913134,-18.266301021581548
-118.8542689895038,-5457.408225822215,-3341.0431184692898
-117.43583070373873,-5446.2501309851,-3084.180334612699
58.310466721866426,-2471.0063690925576,-1228.139818332869
300.2935870709435,-1070.2096967773032,1136.648935506429
143.2378144700112,-314.76488604125274,402.4970906544442
5.677517705516502,14.179722603560128,-12.721796053609435
261.07723896967906,-674.3411935406489,731.1959292051223
315.3444728384159,-658.8453718118935,763.1363502627228
14.179024567863927,2.820031411019549,-3.9478954336170418
102.7290295959482,-372.6846736382451,378.73264215595344
-30.8159103680001,14.259266452627129,-46.163459663616706
-19.09142924387768,0.06918957345149991,-7.0832518287109965
0.13522453027523768,-24.422338171344645,17.48165637835541
-250.00063458589744,-6517.83289325385,-4054.3500167505026
178.15847933319702,-5474.684686264037,-3071.561026941794
-177.96565681354733,-6077.063403980087,-3469.5285859898727
173.94675387566497,-613.8002520913213,654.0245407083356
-22.474968319945802,7.7007450522759955,-15.77120405889415
161.76673762682103,-634.778007074375,757.7936570942383
-26.257559434194768,12.740536768547273,15.966607175571907
328.70254871045427,-562.1426846415334,662.5487142061789
133.05305691231507,-398.3120671497576,355.76091395511014
-87.71280678140148,158.27369193073548,-234.5898706469296
299.57077589132354,-694.9845382816286,660.5865153644463
47.16718896633816,-6142.463373960072,-3186.5842144597477
-37.408659998541445,-3888.6439510323726,-2015.3036531144512
105.44348914223637,-2773.8516705505544,-1592.0516889791645
-485.23425871441725,-6291.646772193628,-3121.110156357091
105.03510895613677,-336.5516857863169,367.6915815530194
-166.55926933179217,-5786.363904541758,-3211.643002267831
33.40781909031294,-3078.697698290495,-1664.4832231549935
18.45761570472825,-38.48952174171969,26.40436157967573
155.66865861530476,-442.9228081750748,415.8486719519706
-1179.7777844014686,265.27031379670194,-2190.0934004171972
123.27409999260951,-406.06754770760085,388.4688490133377
84.45568816644679,-213.5920372832432,183.7210636522812
-423.85038806359967,496.2420027918156,242.17748285813775
-106.8008831431268,-6233.440578820695,-3313.0668755205297
17.53984050652805,-6040.306595034479,-3123.2016572706266
267.11346152934783,-495.0815549639731,613.7215847827613
-460.2809463791136,-6109.951998564312,-3172.7949863866565
55.546542946716066,-5849.7112049586585,-3055.7803258984104
147.99520500090784,-5752.401516809328,-3022.908236898117
758.3682231724679,-540.039802417584,463.5025888676469
8.109045984268526,-23.699406776990134,-11.246546800408225
94.82840523358081,-269.0113816700495,238.87580997837927
210.5692766203916,-427.64821746911286,393.3212196653715
11.363139236626857,41.64407053376392,-52.60309395233257
77.89709247996015,-324.34467587797786,389.88108805349606
-713.8178554266332,-348.5614195319679,-506.52035395626666
251.4191727378283,-739.7309840236211,708.757495731277
-25.97450231207488,-2.8554799503791455,46.033170428865745
54.67091139476986,8.469419822646392,-3.2597447956836088
327.77997864140457,-632.5376179714283,768.3912499845841
97.14351700140392,-284.24694928410725,330.8116824770191
323.2250798477881,-865.54510503972,767.9317540635828
-9.586920333309513,22.034664999879972,-9.853349858085881
88.35620871087045,-184.62669104111188,189.57824639565303
127.88640312466505,-457.50136534453407,389.91676373903556
28.28621279411014,-27.00822963053966,62.03543010441985
-10.01412674019387,-42.84038407093583,84.42608246771871
9.704057444600586,-11.38259885180088,17.604393574641335
-2.192051774738201,-27.06983403115697,15.872513288779546
258.9440837145592,-450.3660534901944,499.9983140990525
385.4864409618904,-1003.1717485688407,877.1376669074642
-42.63065212341699,-7237.914083093237,-3853.6712824604156
302.24240449397684,-699.6864488790424,621.8908183835282
393.76597468305386,-901.4746359657775,797.438921480682
327.4009272197446,-695.2352742785683,617.2998176376334
-1.2660804458447672,24.132326295216902,2.8738527321058283
360.01769851553604,-716.4232268796911,706.5422557376645
277.21866600793527,-756.2501994215961,709.6441062191506
221.73487278152962,-814.932327122893,934.0797968067957
159.30161889187448,-523.7597168104015,441.29807328960317
145.5202323769877,-365.81599670249153,313.9796954414571
243.72775328868903,55.76548660817903,406.8273872740145
171.7520772275296,-541.6541935865051,552.1850192047784
412.6142791558562,-1070.4198595822854,1102.4332462550892
319.34280136166217,-935.1048819943134,1105.4939812088019
175.86300694386458,-637.4166926079023,730.1218627424228
65.6923402481162,-255.96077294678642,276.03717438274396
230.36325616601462,-561.0833689947929,583.2955865271434
251.24028619779708,-561.2424221901455,487.2572787813308
436.53327978076766,-871.172342512764,1085.3488993796736
634.7783888806106,-1363.3981934285828,1388.2005566796945
254.81882803956648,-523.5839715883063,559.4203607059343
112.49407415693312,-230.5735339298073,255.24428210382004
385.3888972050362,-792.9490806687741,960.4129277439118
184.16463842922659,-395.2023384336045,402.7259977315134
54.58425689208016,-195.1237915933978,197.79792435401245
222.02715310932138,-396.9181871687996,449.96314117692316
152.265681189502,-530.4614109045223,552.0315173050182
348.86760137363353,-746.3036958838778,761.7126690700844
169.1884208799904,-773.8375160686288,724.9215920117636
84.11084878897483,-257.83347054996943,247.25749044297166
64.03302249270743,-198.74861534657865,191.62460183459265
170.18733402859917,-363.14679149428645,386.14054208233983
520.6995132334521,-1321.9105312928232,1072.9294052152604
358.89537057953413,-833.8145765524313,1037.3653675563248
225.24205365984497,-687.7596473657469,585.9788610371871
188.64309928440287,-605.3692676246695,516.12539945632
60.49399055095035,-71.3530162291204,5.948165471673692
80.87785011252853,-201.15709052925513,168.79426109906822
368.19663457039167,-899.1797166219965,757.9219746165322
216.70022563616683,-706.2774903119504,851.2418065907519
100.73501866314155,-263.00476870154563,326.32179249351856
328.86650763239084,-1046.589996861896,859.8337171373839
153.547559355364,-402.4253776531728,337.21566854568334
87.26031759841737,-270.84415485199054,324.7454309626762
339.29243043722954,-685.8435930773412,879.3534261505782
-38.24957287614238,-44.89782468566053,-52.03799872908609
652.073827405945,-1648.7025956191446,1386.9807265102347
258.80950095802433,-673.1028219800111,567.7274131767849
161.95430419856,-637.6329864989299,751.7433454318142
131.03035588013378,-319.0313629953341,406.0135790084672
239.14966624644003,-620.5871327922633,670.7268672625945
94.90076180182125,-81.05794742137599,-50.551197753044704
-265.94614443304033,31.34007224023864,-404.6330758776117
207.05751789174928,-699.4421539855707,577.6314450941302
-31.567317607297245,-32.57491577440013,-23.958244966206504
-11.351210846987618,38.150856671843194,16.636511529515683
136.4388205998485,-273.7011983767549,330.06015139130415
166.93380406277853,-712.5871189284858,789.1332849388182
131.05189767547012,-427.1985334427021,449.66980453335157
518.3830736462825,-1066.3308309765985,1201.6516476357817
-20.621176482858697,24.847638950536375,14.164374996680333
16.990464302177163,6.0073821362187205,1.7261043873079636
-508.7048792496556,251.75277524489545,-158.9319316974611
704.6283833360119,-1319.032289257267,1335.1235672004343
98.31247784169399,-410.4697509975924,355.8332131499263
282.85545825031255,-617.4401100565467,680.5741805676772
131.61992072906128,-487.662155759738,505.2544361765076
343.8144580473038,-723.9879986855004,971.531001974205
196.64398605287062,-557.6366997077822,730.0329793326129
341.47239920737235,-653.6471811669115,662.9089085659597
129.0880778366175,-264.11624241553017,271.68025723955043
147.61343159006864,-312.27771190347386,295.5972011683045
245.39064042049793,-486.7832389286103,545.9198695121744
162.47702469919088,-443.45658601735454,441.7303268417635
197.7060735097162,-376.1880213177386,403.6724710497551
208.4198395676842,-554.7233601084348,608.0339575390411
186.2075074834811,-500.3740368060653,532.0253266304074
266.4947254934233,-567.4066392421184,542.9917850917722
142.5693750262538,-311.46134634301336,353.1668883797303
362.9302480966546,-1349.0952826718617,1462.9928104023718
507.159603977436,-967.4539929789817,1027.5222738035782
313.50090809697525,-698.5138080647016,643.7046830382089
206.74349015221023,-539.0524702846866,597.2955637736313
501.95274514258415,-1548.8448127942477,1421.8430811887
103.38468913199584,-254.18730470519662,243.18108996340175
92.57386374883646,-298.0142818125182,323.90325579620355
223.73397597270238,-544.0597060494005,614.0017517710241
333.3853031555699,-632.8770378268076,753.5942114503232
207.07445933786823,-588.561367578777,549.9232892947244
121.6907407466838,-257.2854303233484,297.1805834099073
-152.2468102089893,-72.14221509325085,53.72447739743143
297.87834959685125,-552.8860552199134,570.4044806984066
467.4761740380028,-861.6616272490855,870.8210951356476
256.95544925138,-934.6624783624471,872.6098848519822
207.1244935427823,-381.2327870812104,389.1651112483473
200.98015778364316,-342.9572076396518,417.5440562554743
153.6571754336708,-302.19374044017354,319.15975658049865
164.04759322702293,-320.1265333060725,332.7272003155998
346.3337677306839,-717.8895245077069,731.3307408933166
256.88309054475377,-484.3869021965077,585.5304307562901
93.43348617155542,-400.56768031636665,395.65771277304174
111.30274359116102,-317.9962407098695,422.17866847991144
113.3870407993076,-222.3541310667007,301.8062989938226
89.71289981572812,-283.30534036767483,275.3160557283375
174.0154606825565,-522.571326396499,582.2425746307474
277.4512385329191,-585.8214601626129,685.5075551629562
331.12169564592153,-881.5516423942487,1192.2020327799196
94.62284954626801,-317.70147639069046,353.88072866987244
338.1057504458967,-732.0949907338107,864.2705760107065
157.5725209213709,-369.53013165504626,373.25789870475387
143.42840770436166,-477.74710835635585,465.85649378808915
38.78016707537847,-191.34174442475063,207.5128009017736
235.85956661361033,-652.6357524152568,737.1640574568265
436.2055246485312,-838.5660737617225,812.4773382082413
207.7114846624697,-495.1585446280998,508.2545900137988
116.91839464064522,-274.38382707557236,278.84573556541386
138.5127871545242,-352.22179387794245,463.39234098233607
334.21604313999484,-983.3836554470798,892.2300153589231
240.37020143963755,-705.1588581242111,633.7993899443475
322.43429462340447,-601.3191023848825,764.9431113865572
86.67784184525716,-406.548612778185,396.2849325639091
379.0834693889262,-783.1711592513605,823.5378190787204
144.33920941294107,-494.50765008258185,490.4811911224017
134.69251613512222,-398.8125625163273,497.0126791142761
211.474339827612,-539.4647723581205,488.36826541051676
154.11349972719236,-590.9647198024211,707.3056547566141
424.588879180923,-1668.9005531350645,1525.428958792039
420.28585394163184,-701.4251369452141,790.4372981697796
117.02992297995223,-433.0713276222202,434.888793048101
492.9720861217073,-951.3814776789544,1213.7174082685892
117.87373305022318,-283.3904553784988,364.7875904498011
399.09437249454214,-913.4348196835529,909.5723373832689
65.4961649515106,-140.7449565558199,150.6989147165463
136.6407815152255,-392.54205293909274,403.48140233506547
153.0757720045437,-333.5766874445184,346.2955495581124
143.2343610998783,-495.746638714856,402.68297878632984
104.34533658715583,-282.8692628205145,295.615824001172
273.41420883853084,-727.3639857486522,765.1133005908567
126.97080934643941,-427.05794265177116,353.19184773709986
119.32893902638209,-457.5962742856155,384.73984082073144
-98.7720713371034,98.91828536488298,-157.9379244173157
247.95862616873686,-1006.0876104977431,1022.1470000501172
139.05593346376665,-580.1833047979089,563.8696070646981
415.87242780396485,-805.6949495970666,849.7118549168395
201.2523536986247,-700.6857906866812,603.756749101444
89.39120227191776,-178.91831310177096,199.60067489414394
96.48184453509066,-258.23398638354973,275.020882044559
163.08206413235374,-645.2864393610856,667.2987537527872
273.3995285935747,-575.3252055774461,606.7089797267554
287.39781217231337,-675.1664177695893,740.1888669621749
118.17756053888426,-364.89163263926787,313.15750821420187
508.58227296221975,-1047.9667111994165,1092.1904979656529
114.91747469732195,-224.65975816996934,296.7823104384782
92.92199731719614,-247.95469809821236,291.2696246943841
90.836864403908,-438.86402048914175,479.7009755935172
565.1862384650321,-1382.709424833238,1204.9769368859652
197.64807582126815,-918.7721001152943,904.2702152973312
131.6322950004974,-369.80734388181247,464.1953579905566
341.9399967407059,-660.8164024197424,880.3805446067031
254.68860118015286,-628.9730116734107,710.8146056964338
-402.9557912942987,-222.85438603224736,391.78161030040144
362.97583970265447,-796.0609939074596,703.2046531211383
292.5381323820295,-760.7528092269304,740.8121359398535
220.23153343025743,-553.4319103846676,467.80197324822666
132.37167094402787,-333.1540817968353,329.540076642574
136.81238278100275,-455.53663436821216,517.7172743015884
265.3089020230462,-727.2200095174966,837.6527736268158
203.34511664567083,-358.6867223064484,423.5462718303813
114.39628102762065,-207.5141457601047,249.72008569096647
170.09202479717436,-498.6728237902736,523.9157363674354
153.91150724135358,-350.19151500988806,413.76504420114344
165.2651702490842,-489.76718021129756,633.531490377089
156.21917565350748,-407.951902914225,447.95233332443
474.91900307656545,-1143.8741530798502,1101.2928911205304
105.06435552859922,-297.6042688935868,277.4415732342104
71.8138002617111,-290.1987288862511,261.91210905526145
94.6525881444277,-252.79934224191382,211.98459188256365
109.63062909897882,-274.90868642530376,228.65331681669556
92.8075169092803,-253.5812933920196,302.55628655799586
106.36227113046675,-228.31384268637294,260.8741011422008
484.0161864669904,-1034.9469961242178,1331.0881272670906
99.88866670944387,-315.17647627826545,382.42337144168584
142.38714409560626,-254.38535732040776,300.1445935982614
317.5480518009913,-681.239383874032,633.9139268712466
516.9968737918138,-994.1109760739163,936.1354654850209
60.99339040829459,-158.12845259250292,196.28094760114112
261.86462975595913,-835.3419860295386,903.9361546364878
203.2688110565927,-391.0813706387375,492.6329632444075
139.5555927523206,-343.9459442762166,430.58436236873507
155.58657115240874,-453.8084765369873,497.78432785817506
310.6547026669918,-591.1282961735222,718.9431086413384
207.9293300662079,-777.1950257097418,709.7920682215687
304.1788005037069,-722.4773380920271,877.3394976675703
381.97349294450044,-754.4307042650798,1009.102139552718
162.47338364730732,-425.1539306416898,413.9513476570841
351.45164543352405,-779.6004798358579,861.276260477304
240.5281275316034,-745.6063161411381,739.9350364029143
109.81673177712274,-238.6548005714204,271.7536166493595
384.6422163460425,-937.798177201358,799.5572301856914
122.95266740312077,-454.3359617521008,556.9860796880395
266.44461127697247,-806.571011370705,890.1594515242206
65.3382999829778,-219.2532953400747,178.0458627400603
186.76974133019618,-335.8753538488332,390.2673205334681
106.49291214988475,-519.063170063087,487.1833375125794
329.1220059340308,-689.9357982969896,718.6563542739017
221.538349424561,-439.4132486153275,527.6817884213606
52.19092218937426,-23.902065412722038,419.934690767539
655.7283508664077,-1375.9246530552102,1312.4869016812781
120.11143933913601,-427.54048909017905,454.90947893444866
139.2292523951955,-375.408744483528,492.7363581863795
101.1826671967812,-320.33255796900323,271.01046298617445
163.48531897391703,-816.4884776178634,926.9626307987072
185.59567747272604,-462.35158323955807,482.58801052586654
218.05195502779816,-727.4751012277553,817.2155813506141
243.99482880816004,-568.8066569063047,571.5441166305098
327.95051404969104,-770.2354000318394,687.7231397679852
151.615360013413,-326.45443913674234,379.18883304353534
282.7263575070318,-730.9865847081186,758.5188921494091
134.8080983190443,-272.27236685833805,327.7600620407579
291.18514420365415,-606.352391076811,780.9548512113432
162.30736015461656,-552.6295746794497,649.2773635282923
226.69983251006389,-498.2787316012171,646.9894138529557
234.19556212730433,-479.27377041937103,552.0995535851084
195.28823124350913,-492.08049244507646,434.8143204424076
41.61022514733748,-120.35283355553639,138.5179323493577
218.53722281079214,-506.8918899177966,512.3616129324196
361.27337868087903,-967.5827511819703,800.1786090440255
103.51928429767135,-242.33204954803182,269.69089554589743
252.18026496082308,-529.5771411131586,603.4368275724499
32.46321273109526,-103.92731046234178,119.96331937404733
257.3631849214275,-897.355322754539,925.6327270419928
111.19293001691439,-268.6157640675195,303.1199492093456
251.7788266550366,-725.3457889698722,817.9963820041547
213.6389624998959,-1019.8369937150882,948.0862104535321
101.88068957170675,-214.51912112260763,221.31135915080708
63.05927847392635,-130.09981497402347,160.22873692965524
72.51458238843118,-315.9820545085814,368.0699046561228
85.80414085731738,-341.4027770697884,342.87264407761376
242.66877763227333,-810.3223298906099,987.1228834056639
59.21218831011838,-187.78403597292032,214.64435285897468
288.52419357707174,-863.3276577249753,979.6206957939426
284.08832779582826,-1220.4259633794622,1174.5602753028393
172.09375823974332,-589.5109107463282,697.037121658492
179.5530664698928,-383.2609293945085,362.4028084465072
125.47081121313278,-389.46381637723425,350.05256552037775
125.4373701877532,-297.35351147495294,335.34957769899694
373.34303942517107,-870.885626952273,962.0484925827395
512.1055200000229,-1109.9774583266806,1087.0165825745937
318.50533564973904,-664.0360168847205,675.936867645583
417.5993943447264,-957.035653673621,1058.2865365487849
353.6161961184221,-1082.172058615614,967.7564930262063
309.1871371632417,-652.4875654976639,816.5557489135268
140.99686826006038,-407.9849439738911,522.9203929782008
187.1752845095396,-697.7122123741076,652.3866529879357
299.12550647405135,-874.3418452815124,918.9301591341762
621.6660391360083,-1455.5509434533076,1441.20475533393
951.278962493077,-1997.776676090913,1908.3978222805738
463.50550143483406,-1234.6599193648528,1104.911292391212
357.27795308187194,-1266.6408843979937,1075.2384041751372
276.79417880507066,-708.1146496553837,764.8755435514068
224.01565104537207,-645.6562679590654,734.4900267068912
280.44537078924685,-644.1321188227621,613.1066387014423
136.66461403202825,-355.4922406599371,366.6822593568633
228.54701418291128,-475.20693668368847,580.4836970456457
186.5496100292894,-611.7631519845936,586.9125215973801
353.19000651106137,-711.8470393860637,691.766114173
118.2171612393708,-446.2216250228114,416.66787464298955
252.77335552415084,-721.341936314997,954.7765619506963
258.6668299042505,-742.9810590222855,833.4361565479437
177.41425146455703,-342.6560073215321,328.00372006996673
298.29751455364686,-653.5383275815392,760.1676746567441
228.06754398080736,-648.4634518060701,576.8196936290568
276.57398994581416,-1039.0238554065302,1036.469691250836
120.482707556964,-393.85700512639744,438.5407966581992
237.91135120897698,-752.9181005212671,899.676210907772
114.80691227533774,-352.10065185243167,463.16772397792965
221.68215386652872,-545.5245705682523,683.543724409361
234.05460663926922,-642.1571611252057,768.0921866068901
62.42436877155638,-336.42894743583975,332.2750989160724
293.8563116386775,-576.2267822979743,612.3727685394211
71.15340131411685,-300.1571871819002,332.825417433047
215.47112730038376,-389.5156398417019,472.2536416583905
83.19983993950628,-336.5672536112325,380.17787548282297
299.86134547184275,-765.240687168567,838.9553955923972
171.28889147602976,-557.2580188760743,623.9948635495534
457.5327546885302,-1013.5829370629606,1359.9056703249487
292.4696136722934,-667.1994124661429,642.4785791823828
245.72445308311615,-518.0213156025966,465.0835557825695
231.96489528530662,-589.6543668936453,626.6763086494742
120.16581191950392,-211.01876893643228,209.93393437526726
221.25751621028198,-552.0277673344975,598.4495241982793
115.47348663312941,-603.994963206891,566.1754818335872
256.73610524275597,-486.0903800950869,588.840258888431
339.9622189883122,-694.6971885669577,790.5358362261054
273.3086668470835,-586.4025697521924,689.8729951514954
193.86711074841998,-561.9775939148832,500.3644451124584
73.20155869571609,-221.98275243368863,247.86195131056584
60.16344136733597,-137.65347405096549,136.2072719370714
231.65502493801512,-483.31163446163384,429.9348534964242
279.11420133496654,-802.106986215342,1046.4424921502782
220.36106630683523,-557.1693182358282,589.4477451663863
128.79147035944249,-472.9715533644115,560.0751961180823
129.24646422218743,-436.7870893769989,484.26368740556273
163.7252494389335,-642.922287843606,604.8630337349956
499.3824855274657,-965.9029650465671,1139.735999327327
288.01239545542273,-523.5380102073264,576.9889938085325
272.80554247796914,-530.4613052227955,648.2005404808215
320.2655848245467,-626.6519799865971,655.7456273623703
192.1690007657888,-531.3126529295272,569.1842513902384
100.08965221599773,-384.63986651601755,427.4003409998882
86.46500283269762,-316.1572065784832,322.6900461164426
126.96166690867491,-425.18614541293374,340.9507273619785
411.37331347258225,-1278.332235066585,1258.9967778561852
170.59924808660907,-600.1124321801414,576.2741002675019
307.6900894679794,-561.1906998145894,551.7398003450523
87.46410350869257,-199.4803753051872,191.32087997529797
111.39648082010187,-384.16620329872677,373.1138757912094
153.07504829811816,-431.3416469863672,410.5654674282981
363.02254259445107,-964.1053820357292,868.6343282981629
208.10073369922844,-692.9473696430963,821.9808574647933
41.07408995897912,-91.23484128268817,100.7441740496784
175.8049328232735,-524.2528487935762,478.58995072068126
160.49529483178208,-315.03749935191803,410.42257751608855
136.29604746103837,-443.9631466624378,416.3283395207263
157.24456977499457,-314.65785992472604,376.7709804017134
294.61948485433277,-535.1179614490823,517.9213117064658
124.59873653994102,-335.46012100788664,312.7336303789927
291.21394696046633,-620.2055275806631,804.7217846275186
90.60231075875166,-336.60720274337416,308.9994734986705
231.62661365572586,-688.7302068016634,668.3088419692792
43.12856643182738,-172.19645437121562,180.6838810866019
106.70286461777224,-409.8237527984348,445.4785676422254
85.07112378500861,-255.4849021274585,297.7914890302922
100.0908052298234,-376.0878631492839,375.2231798759921
180.89722807378587,-471.4583801827863,427.17786444482834
423.4919102479791,-1020.097331711888,1289.4242249503473
184.00146843191035,-491.36341997533657,424.0140454384048
184.88573252516716,-344.77252480240304,390.20593864010925
368.60562109382255,-778.0453175332526,864.3930702884063
460.2069983148733,-878.7157582792279,1165.3100176578657
339.8073077251009,-757.8860009601174,659.6831554354709
200.8631973098282,-499.18111508684785,436.07182796315135
193.4660950933911,-587.2997820351372,686.7943097840832
475.5744089209896,-1046.367014880445,984.1431356005274
603.675875733164,-1264.2639095189606,1659.5877503300724
227.64010895529913,-684.4320552255407,609.8266591209028
188.27796379233155,-480.23346963183945,573.2387199933189
257.61465045800367,-823.8904993711143,1009.1695283327855
382.2144260827055,-863.2740249886865,1006.7331900131737
106.44001701682697,-318.9272150018485,345.7697278213093
519.5466330709752,-1175.1567346969193,1018.3024235761634
188.3115028977454,-724.7178395117274,668.9840364088269
340.80992615048507,-690.2539603076959,822.6273482670284
64.3872130311089,-212.99959413915633,237.88663868246422
262.12327344707205,-599.3192875037349,725.519724450967
167.44413880046596,-594.7947980738521,576.4059238502464
46.158368974545084,-163.77795466739695,147.81133578847675
289.12829705591054,-826.0913554752176,752.3256988503498
196.3241095422517,-715.3353687739648,832.9212307856353
205.20739281770756,-436.42615718066617,385.7332468967064
375.13852618369583,-1347.4526692369013,1627.8653516919248
170.1457084806328,-369.7195594053312,330.44334202363837
103.92448192243721,-403.022445944273,351.00562112058634
105.19847548788529,-439.7650858254902,453.50152957286053
326.02832661413316,-742.040438416599,759.1095760163283
122.35474947789726,-364.1248313365953,482.44959559864594
219.38520199562987,-584.0941071883162,660.7803985578117
855.1455495813177,-1806.6397140363927,1833.8127737306681
126.16208214429949,-307.0424647277305,364.3522322134659
223.5008789322228,-421.17750351473916,411.66572914151567
264.28917909681377,-881.1925420159866,779.9694005585959
134.4640812461511,-402.59203674304945,451.7388203926153
279.3694650578824,-960.2903681474048,874.0196512874264
380.6410041378165,-883.3421149091693,997.4886585805128
484.2079547230635,-1269.9773598224165,1072.3786528187663
120.46461287996829,-386.8767030940653,381.57042606410926
284.52215887371875,-697.0376931198567,571.899345685923
162.53249701308647,-463.71886340339125,400.0912380177276
280.7276256402212,-855.651070626539,824.6310375180291
364.9017700646807,-910.1151783378693,1126.7198009987628
212.7602008626774,-558.6528566288761,673.6920234003587
242.90612351380915,-405.2979629792583,482.4565453731122
95.61921930006132,-339.77912769848183,350.01222825767894
513.5823757610665,-1067.8663243070248,968.3556922529153
167.43035928135558,-412.70558429190186,359.5641387766529
220.8769531432456,-542.582681394617,485.2773090561561
369.2474389076175,-870.3860288832269,1106.4163859890414
338.1000300152852,-830.2002281242372,1054.6823486368432
80.12440079521721,-182.6524196250583,228.0348789710009
252.1046795866357,-1015.482522067491,924.7698989510676
66.40906478475421,-270.6325588724961,309.80651551660316
186.4008338938143,-457.21393880422534,572.0658904102015
331.2516475943527,-732.2229048369754,846.8499652820022
597.1565196087688,137.76346171535286,142.36882954475882
139.34751301453548,-265.00913788523235,352.26986691738165
108.55533418478193,-407.16349742464377,385.0795021939788
183.02092555163821,-675.6418244421267,773.9695985468268
238.4926475853912,-432.0495148599997,537.8679345833411
202.50848301254103,-729.3878791221564,611.5129734835082
269.2436959292967,-703.2412869779072,645.5354587603915
83.82282235271944,-363.1478926909045,331.81070279148594
181.65266857138118,-577.1406985707443,628.3164615821944
133.6061501607321,-310.4086199444703,320.8611620364754
447.407171087318,-1093.358764029727,922.027902386382
77.69558615013732,-264.20939914257156,295.4973058870552
19.70625943077107,-56.03216178758926,51.92096833666114
314.5890729292861,-982.0274771661215,970.8706223716089
361.85801179136257,-819.6154714049247,735.7076514051521
340.0230785683544,-1020.8863923273785,1009.737906588481
86.55616586615274,-230.77475459216052,293.140950592849
190.72282735173061,-589.1819516232246,650.7305795092237
145.26406747900927,-429.2888504318826,378.70697748434276
312.3291466430534,-556.1978733382126,551.0481600189511
210.872590412046,-890.916987953737,819.6479976723874
588.5337010075787,-1134.6963088643392,1326.47476656285
363.6980517148176,-773.7611848106637,883.2173676730116
255.98444773974595,-590.7793553457636,539.1557126365456
407.37580017806624,-879.5199082153132,1117.2935281662592
53.7857948301683,-208.2974718096828,186.5692328150101
169.46197767968874,-468.8813834637038,434.0188873287104
265.1490819685677,-551.8532681314155,602.1958549208902
142.05131771617877,-505.24196407317453,514.3505646682798
98.05177115814938,-490.7666860253455,461.5849603750645
317.53841364233307,-687.9473147349903,639.2534027335536
245.54821579572024,-475.1541159026406,590.178152246691
127.6098765258747,-453.6220146936982,555.7875866032646
122.35250205756725,-302.83602912716464,379.7538681392779
82.43383069531676,-248.2029331589124,289.7864952757604
134.5941789716131,-497.2192022439978,422.680105354865
263.0722266977641,-518.8640624171912,492.1029093880763
263.4807018179151,-589.4960345853744,533.3355138547008
98.75430245010743,-279.81984315208683,350.284479961551
405.2127297664666,-853.0017259761852,854.8135396195229
93.59151188813993,-214.30343823634288,203.96415337890656
103.33430349840965,-271.5547758410888,228.51138147452204
68.91659048756425,-194.52207128876893,184.59348714972708
99.46996918073935,-251.4214784243865,277.2255019331348
121.90421733392459,-236.66514807697794,225.67669237629607
217.88089625231567,-580.6988902718665,533.3313696814677
436.5581280728057,-1162.0357895113927,1260.5340789951704
213.52596732834073,-410.11458801738564,402.7420663561561
149.4996708098108,-408.86446442754595,541.6196176802814
62.769651340508595,-228.96542922609453,214.07220444256953
229.3081672375311,-482.21239053109963,458.4367976291244
355.0112412094398,-901.4986396173614,952.896806523655
110.1501383431219,-447.3366557493641,414.5038723280713
154.08463429324726,-339.9080264082189,358.2059077150821
189.45332382954152,-530.7733254678296,689.2126541770401
167.01079919394223,-558.5730117156231,693.2694383575114
102.53388382648579,66.03321305283042,5.15032012366435
182.78704300781277,-770.5033645988337,799.5083189375433
149.7541058335855,-464.5508483620402,594.1195506639148
138.06288189823883,-411.4479504665132,346.02144052046646
420.5412144274587,-837.3198309006734,1095.5992171630764
438.2469841132787,-954.7816986453909,860.1258927316613
148.4192818598982,-324.8694253235812,358.1822866964784
205.45842640320723,-914.8628399992582,879.3586580050313
293.58964810251297,-1015.1240502853046,849.009406696652
135.39723359863711,-353.34455747710575,475.7922779156304
224.80618019277236,-544.9547538542236,520.0245743037701
415.51802991890594,-849.6837016209681,871.4560138136637
373.40008401936433,-839.6981278684922,930.2978592410504
134.20295986716425,-395.2361203191231,344.85734062359757
364.94433343964045,-793.0581144707813,720.1994539447707
106.71522656482449,-383.30100974122854,384.3726731631331
133.66460238512943,-506.68473036810286,522.4981895480865
188.32156495400932,-547.1060654984892,514.3163038170536
262.1339611418171,-525.4832781317592,693.1259712029266
245.61008988407045,-522.1049830513504,476.3059455476993
334.18178044141956,-673.2773536697814,686.2781470048561
303.0554246732307,-885.9862671995991,778.6342506657719
169.87288064546777,-470.7252774433748,642.1529671519618
193.7350036035831,-498.18095660098004,546.8896944858735
266.1289116375908,-857.8320053237144,720.9588378908231
526.7197688317409,-1470.1014521809864,1869.5378276507784
138.3155830380962,-342.30762262790313,329.9482275807291
264.9239660224494,-541.8761439392418,620.8397313900538
372.44855433823795,-1030.2817685632401,1036.7550051181615
197.42703251859544,-743.4792068400727,909.5025299180636
70.17650542965306,-208.98817017232813,232.60557022071484
326.20937823104794,-1328.3089437419917,1463.2264189554355
119.24592197512628,-269.2795095310808,242.93945617787716
227.87108643912052,-767.1323553523378,808.8227948300106
368.24982715113373,-708.0192957822474,899.4636415682241
379.75190841581076,-1076.460903316005,1207.821306562622
267.58617009918197,-528.8503487939788,627.3338931710438
161.12482162835886,-470.0254346418155,587.1826995450411
232.39208487234646,-526.0439383919712,529.2845326417051
270.6589858540759,-730.6185183673067,723.9770095764122
199.7890490737361,-501.6073637213219,537.8120852972327
127.79919941723995,-410.2460825097717,351.5684032086759
209.2163706241744,-551.1786160768198,703.9461964827211
57.41297997611326,-211.66252633018004,262.7556377963911
51.5640223864063,-250.45250395252543,241.9063762269288
235.7633278671,-457.58489290654205,548.9820423845746
166.5427041950527,-687.455662227813,763.773029211112
83.33826293816063,-169.20148730584273,227.08207555846576
172.0720592356207,-389.52354379209277,511.65660130800865
110.5789057628521,-212.3449883259786,228.87543097093297
98.88113026379263,-361.10627800923083,426.549635090777
170.7291057046311,-505.2493046018965,579.9583329003877
414.8040463932967,-1069.5781361114484,1243.5425799899688
236.27937269112996,-595.3530583094796,574.4018802434717
115.99460415340042,-298.7244908453845,389.86883854119674
333.4708620509733,-1479.7909188009364,1428.0919360101648
226.25638442106236,-444.3075501739873,543.693930599835
58.86339050601666,-255.29830051920305,286.7054419890611
348.94188305211185,-880.321763998014,1153.5899204151672
250.6835192555895,-748.5552141536657,787.3037359475645
247.01098196204782,-533.4327468279,588.5543240566553
322.7211505543471,-551.5561338416691,638.7231092629335
200.4968483523394,-789.039550077752,894.3522584607689
76.08302266518314,-404.92634677501746,453.62268920168395
161.40182403818937,-455.24940510047844,601.5521043050268
211.8947176897705,-598.3496652014946,803.3350043838697
227.37212468627735,-937.6382549201668,911.7200082404205
105.29055479163051,-339.27544545907625,291.0975089368098
119.03965241999683,-363.37956414549285,420.5932182931128
167.8469283180999,-423.0504402802241,399.01422118627204
547.0934892653859,-1225.476852531645,1411.314015204468
176.607445570245,-401.4258634566299,440.2018914103529
448.2884787505079,-1162.2280243468524,1250.7199575214138
139.21386357434955,-352.4319955447339,418.11448364539956
165.89352208562283,-315.97820358567617,394.4636020278625
145.013521280563,-393.1386428762253,539.2216918292991
120.01176384830944,-404.4143097364974,405.57375110745267
269.79263005969557,-940.5743681594328,995.0474904882461
379.863960667923,-1293.9965994753777,1368.2446763762093
191.0822795170985,-512.0238775385704,605.4608385799336
55.53250392611558,-200.4468926897141,231.4455980219417
-1.4461577543955937,19.306121096451175,78.88614637798302
-104.66645656512034,-5812.009121994926,-3331.6054536391125
434.6865266210848,-912.0630319721189,1142.9785298438123
190.2734056615329,-447.01479576944627,495.262623480878
8.007770745676751,-16.241997036558228,63.41520976831282
199.1556883363889,157.63146900979572,220.89426756951602
23.772907941608093,-33.35925909548919,118.5874067917831
228.5300700849538,-784.0586642121735,908.9621882899133
63.940529425745765,-300.69563144320983,278.52024442170205
293.01807690931025,-791.1669124286017,815.7584619129381
775.9659827623447,-1624.214803636137,1731.2883253071668
367.3131399372932,-939.461884359125,1035.3981871559408
420.8840442943674,-848.4027131278747,1060.4777855833086
199.04967226808427,-525.4465614067537,629.3617940396341
126.24794029418581,-498.0742323510953,587.5940750172205
112.9193825421698,-302.4758419689026,316.0306891861905
122.04910285363256,-465.593200843546,501.4319508187375
143.80288232654493,-500.7068625860067,587.4125275841974
-204.67872679672774,-82.54042977640238,35.075667836796356
377.25913402251496,-772.4041398148929,777.8605702138382
164.75456411332064,-640.2609116222308,649.2347435685336
40.86179670702558,-76.50763830455624,97.69857151429039
98.68516194037687,-410.8252439855517,478.44751469519997
-25.01277701190525,-106.39724355617153,304.22729623556364
-51.884704186729714,-94.85934339150828,300.1560456475722
49.135569647233176,-222.54238230327758,238.664165458964
271.3783264064049,-583.2640730198814,731.0029840439212
207.17428132550225,-732.590310519812,866.0825890120108
184.8097103884875,-455.0113210367441,448.1364561420107
761.1432605203873,-1600.8491006417123,1481.40180438631
136.95579202864573,-266.3485328593187,285.6438870385549
84.0032293023102,-258.41120121363065,286.0713390993792
52.647410035289504,-131.2094573516324,148.61265909089389
503.1297557343496,-1249.2956388713937,1563.2599539717023
123.1821386813345,-470.9495724647804,448.45568374270056
286.4948039051756,-701.3236670919216,749.6920125705452
240.97460928071192,-555.4002668795039,601.06057048619
28.1410300018751,-89.10829229668707,86.8749558584161
398.14038595411085,-987.2112247155442,982.13389436876
60.28750456823773,85.30944728639778,36.213943690573565
43.824799982840744,67.65766964936438,30.074363402098488
44.24985317335314,-19.560498490446953,-9.912870582828745
-113.95316321503631,135.5353471640371,63.676344802534274
-199.30957152029228,37.647469660786236,-6.650111092130852
25.718519615773303,50.954303501669095,25.65707243008985
-70.90544512585693,21.980507456290653,35.63253751430064
598.4992499305835,-1110.6795163193428,1366.276305862456
131.30320072394446,205.98933543170222,63.184145891617646
-43.9214196269464,-5.023070220385408,80.60981661035314
0.8450794495895048,1.8173691585245273,22.460754886368477
-580.0220669494007,627.3916701330267,178.72722372217436
-607.3031340025296,656.9048155160305,188.3056122996747
-8.062157354754289,0.6440479627743819,7.47673896152778
63.580238790964025,106.4570920628396,51.29191094907737
-32.919363144082,-104.21553365324289,198.58293057702076
-30.657816522329878,-24.9044216479442,62.14602613574391
28.162258031358956,26.049788612138958,22.405373301912057
-1.320886904225495,30.430331215129094,20.648787918030088
-32.52125749538539,8.849672594563504,29.281490994959107
-400.0270907768093,-3553.9559104994296,-1833.50394405652
51.88794370906861,14.485562455935536,40.86948433819197
-50.121630111188914,10.817011786428049,140.60947813006575
9.459181359805495,-18.249641351972276,83.30484937917294
-33.27593816200055,78.57667907406913,26.22832978936055
491.87571127131235,-871.7071604475447,954.2377393426754
-177.83752462487703,-5436.889520624469,-3177.8304163940415
270.7297058629429,-41.325459327582614,-76.64311657760736
-25.658848090422584,-69.35237913965544,155.44568847781565
-446.9333846699232,44.87582259506934,-7.112832270083517
-394.6278227252662,22.990747533728804,-35.78039446339639
-61.6365803614068,33.23015416732524,22.610246149877216
-1.6026236921342152,-3.8834130129967694,-0.9442709983354629
-342.553424684223,69.17934072788583,16.973043762549228
-312.53562783750584,21.178815953303886,17.910521573425196
-147.42721279774133,-209.44029081691735,-94.23005778526606
-59.319694004449474,-5.255399660997901,88.96250728605656
32.45172803007427,-34.597455469225046,104.6129516260634
-546.9655776004829,590.1976347026243,167.46524306732329
7.0962382617400115,16.83885203357179,-8.58747220164888
-251.73749028726596,46.731075532802215,26.85778867323596
-455.78528152590997,21.332979596236427,27.711852173637567
-61.09703896832955,-256.6716940581146,261.796248816976
66.94625928277792,-147.81508876086752,192.8027435039759
-61.909515457177235,-6001.709201063467,-3321.9352609233633
70.91945963739846,29.382088893247346,-27.34280730829812
59.94003151290837,-116.55153652043323,272.9876896820765
45.51870100158826,-109.01115984917375,358.5220079387957
452.63704300756854,-226.39925568394585,-108.18745527610797
-100.74447654885202,560.1851301497369,92.77097009851785
25.045807853107384,-2.9735069351775536,49.8345184359363
434.2762057390193,-226.9004843159752,-99.05230551126463
149.0373486908378,-72.62741933359283,-30.929334945130776
76.24624540672468,-27.29442638216407,-20.927898052268407
-45.217972913588255,-101.12356382055519,156.3927714659987
433.9475353115705,-811.0054094303031,789.9333927438438
213.3694238710047,-84.15200150167308,-40.79405466753623
143.3071932305089,-47.32533691391202,-26.289726479716506
-207.79653917389194,229.7563625151929,86.81968368486747
8.640060307318608,8.933453250848238,110.57979447847063
-85.3973654128655,-44.504321701756325,-83.22772212675358
126.9340970412393,-4.228477480978882,-168.8050650766087
65.3479245539722,47.7506849522638,-173.56728073884778
-48.61472799782148,-6.827892260619402,-35.08733298806288
-17.970965893197437,40.392359409312114,-28.53710017178496
276.52844194691545,507.2153317361327,-154.00244210796222
-456.6340034735136,135.3704433012138,-227.42352225129233
350.7575290808042,-128.22508066417964,-57.244634384310665
-109.46292411753518,-49.061174345730954,-32.02470532973766
-331.4817207049508,-156.01399811657987,155.39012658198325
28.749024281095746,-30.28345465343687,133.08716028655132
62.09990632461088,-6.57698972929602,0.4846972099046216
395.88546562790685,104.79567971254279,-147.20385149228102
38.494511633975655,-104.2288465805941,-39.76325232599427
130.02953222069337,-5712.677413503758,-2948.441807123634
153.38611227285202,225.78011231713526,81.54984254970579
-248.77436330580142,43.4041949487589,5.668442347177035
-174.18003247095135,98.921246607185,-62.516471262370715
29.686569880510874,-2.841768035706557,-86.1373738722094
-60.56074366377375,-116.64093924285203,-46.07454224879497
-912.6097784185101,-60.51707127547724,-55.871156960963
-313.96904495919614,-22.25507931468021,-19.544104510249365
-41.536389020899314,-13.24245249563172,124.966725363216
-1.167970844504446,7.857396717130389,-12.975709713769653
-36.491136206542066,1.133904252185295,-43.96374464479192
-17.96251288591084,-2.533157784740896,65.3644008652347
-67.93963518821472,-3378.3824876082317,-1967.2356171522795
45.83363021114038,-87.19209448946522,91.42959372767992
13.135809726719927,-30.520633731989193,-46.639394265268635
-13.535172524246645,-54.85215739332737,86.47722326159948
32.225399873246324,-29.117740997846127,109.70776101166102
-285.0505258680409,21.715074861378717,109.53904309477079
-184.97620667087253,184.85038277985961,61.69090838036053
85.62805922573283,-396.52473488241833,397.73470528564917
-20.29011051141391,-11.39555011723906,-34.55346288869038
-26.79823284451749,-8.56850365004547,52.35004075996676
-1068.4221635128984,45.439085347161104,51.55547436724249
-222.64812523733062,220.059274352919,106.72400957876657
-0.4984394306973733,29.011842751489258,-51.635012508827636
101.10881360130718,-292.11963610840365,-87.30522456892221
-4.056744453197619,-5.566262405896231,-39.89388299075632
3.844658363325923,-12.800643715522794,-10.3719555989965
-293.06962475100903,-105.69371137401642,-46.61388870593068
72.75701567432027,-166.84598885624735,-77.75544544755503
-12.301742443963127,74.59858112975601,-20.940715902748064
45.82500638019133,32.34222637927763,24.411891038733195
36.702910517723005,-6584.608535865574,-3569.5494569715306
28.307234483012145,19.236131601493874,32.7884273886958
-49.341667107643566,-79.68626638765645,25.870233212786093
-63.20443608960756,-24.45217123355322,-85.21183137076508
-3.36939309592983,0.180262044587798,0.04707411158399602
63.720350977582314,-270.3078132308826,-114.50659625817211
-71.1255899809647,31.065877406631962,3.4075440211106933
-7.784288923958335,-1.6519792752490705,1.3672911065633242
-8.983618361274656,-15.201965625668635,-30.833482668925967
12.360231892813276,-2.173083164855013,-21.794603856792286
-102.67412768414063,-22.89874077512423,44.35703699769012
-29.532968756756105,-5998.783282316484,-3137.9335454334732
239.7278976724516,47.71279646544132,2.5306876523886874
355.49878065345825,73.61798123701035,4.059296551326551
166.41047529221103,47.05362840339597,122.84867989154604
78.5779447990569,-10.802207293953508,-54.495533497478725
-42.105101301423964,-1.155387755235959,9.343408937420886
-73.28523565197008,-117.77519529169122,-154.84490786086317
29.377883019703155,23.64776141578386,-2.3479187619679354
-0.9596295410226012,-23.483073072594244,-19.944740791777566
-38.8220674019065,-3007.348719385899,-1606.9992305818423
76.83751762147418,-403.30703959083843,44.63079768773493
73.97634860947247,19.394010441493613,1.8460789162540545
5.779530077610701,-12.135759682119696,16.31585992553967
381.53495040342773,86.74993410524596,46.97809534654915
313.4644466519416,71.47802885698272,50.16066263430303
5.737756973806283,3.672621196825814,-8.35918820305914
13.379180428983991,-23.537981825465312,17.107426755440354
-72.154850100388,-30.04267986192659,-128.3697793785762
-181.81712143745114,-35.171846522991736,-27.60518647577405
144.33846836742006,618.6595043374078,192.6198426910896
-203.99112472470998,62.24057365735854,1.835786847849378
-78.23566594142422,80.76327236404727,-25.816285030046352
1.337050828207128,5.165113336037841,-0.6502340611461962
-7.258978480120649,13.577974948705883,-142.30752921654377
345.8290239284333,-157.9629317833126,-98.98690203823763
-371.952995210325,52.71383542040234,-0.4120792868489839
129.19923225574513,-98.77181035339768,112.77620626727284
44.21527542599828,-261.8552446809216,446.43837262952405
522.1838823272849,-273.67884073915707,-140.7658962720565
-74.16633356341735,31.729976078035865,55.21628584292124
78.89168631633575,113.63091644013893,30.85114293083882
-119.2473435856677,161.36337153819073,36.26999020663672
-48.735151445065306,26.123858426466494,57.49020400720877
221.8853757677655,226.44405349717235,374.4170705993081
221.47990215473092,-101.83126846528633,-54.29652169597592
-98.06533719801757,116.12666554518034,29.497730244833093
-528.3332820836458,682.03616190468,165.31751811909018
2.932531398485532,-28.560112596066595,86.21455741687069
120.4834288497037,31.198732492144444,-0.41979459500631844
-260.3076357801121,-103.2688402816211,-63.658689316208175
-20.51481156278938,1.3590943011447525,-33.82023716451201
-50.052648208438576,11.341448223147184,35.013108834891575
-302.2009687434673,408.57695461493387,103.49559059735932
-285.8373348446636,367.40022702064135,98.284107352516
90.47740187633083,149.37704696435222,76.86867821108048
-29.24603683977427,1.8269853239269518,1.4439195797279605
38.05300890528045,-47.772259565085044,-34.79818523343979
159.9842582462099,36.40821021453892,37.2406880492823
84.107793314806,106.33579379480322,117.09921293818742
-100.84244044085312,-40.77613973688334,-31.063189840889777
61.113065830255245,124.9036228337891,77.60753651431958
23.100865487370406,8.006004766954646,28.357402713328995
-703.187133700927,-20.00550386400486,-14.25167599344024
484.8184305699785,-94.88972805181884,791.9214942271202
54.21641343817445,7.136767243880398,-5.520824541462356
15.000462116785656,-64.29524464331993,-322.6177801494185
8.976593214060598,55.66931440219966,-2.243144502328658
15.958124598111821,54.509970631938614,12.437959617892623
15.005116765292597,17.42206780436254,-20.881163482194406
-29.464140799215933,29.15490989211059,-19.795955676523704
-30.11340041313896,-16.841658997310624,88.12376548937449
0.2560403883073551,-6.098462625399653,111.27772113916676
-514.4102424213323,-30.261892178106695,-81.57147191161091
-400.29804474963635,-19.699238490030126,-66.45094347359637
-142.8782701568993,-26.969341018151106,-21.823736206680422
-14.831776696520198,55.03266833999042,87.1797727652761
-8.174894325294957,-152.08053876729684,167.40525067935891
-226.24344715774888,-9.34943204624271,-33.072324677766346
22.89884219314449,-50.73639459838966,99.9326442628732
-4.14444565282123,-7.228557282303433,70.491145950802
-66.44587415082505,146.02291192398638,-302.72172209237385
256.6791441231439,69.44153395478567,98.32128120715625
31.39633940108062,9.101484155555939,-26.93757640134532
-63.30277626726153,-9.210374326378918,-2.1816424718573177
-655.8760722164866,-87.8784517002546,-13.409837793204712
-84.51126274303239,-546.4529353448397,-657.7877871309154
70.5945389840909,-30.58391892164932,-25.01495331552007
-46.566930725168746,-51.445184191048696,-22.37978991493012
-82.92974131796971,-4995.303094282858,-2946.19579360453
113.6746886509827,-239.53096567893564,396.32156666275273
-14.514587337122046,16.166454208845575,-19.383042134462684
-16.502842529331254,17.403609293353927,-55.960007484152285
82.75250939492797,-535.6631493871023,402.7672299710258
456.66185119240976,322.3276647048534,-17.820305284621398
-32.10988100776753,18.544771833527463,-10.74462897448844
19.550677206902847,-10.150016861780673,36.239087453425995
33.05163375263338,-3.1810189189996865,38.191884553642446
-7.114550360458088,2.024768363777744,-24.17232334058004
-25.653615224191807,333.07402011329634,205.5984246838885
-212.03690866161182,-12.852281539776707,-14.227783680166208
277.1699639995963,-10.637275313475044,-340.9420622779885
-28.214498238980358,13.40477538385781,6.994268667337116
-408.85127637837115,98.59810531604438,410.44140594348295
-170.6565386365609,-1.6110975345223844,-10.680177401253415
741.5768456321824,68.86696015129,-108.39954818514161
-97.41350489653286,3.3232733736460656,68.68582472284352
-474.5515501805709,-43.08814144985428,18.991582651649292
15.549187435859174,-109.74347876935865,13.502737451489114
110.60016888408391,98.16928325974013,174.08907073989747
11.731649640035661,-22.33585992381477,28.100717504668385
-267.14457262609045,-45.6837377401895,-48.0841808447338
30.01106295859017,18.528512221647976,-229.0827925858854
472.4376700577195,-205.77184588911587,146.3670047203921
-76.93074083499106,73.19361514251587,153.39405353842344
20.550641720213715,38.25567234707965,11.90850606290716
-526.6847257486261,-105.84548791703484,-61.930363148454106
-101.12702692836633,-12.189220668802877,-12.005058105511088
-413.37049844962354,-49.31116561906798,11.387396796399731
10.836281161454039,-16.372402158345533,-0.2966933860381556
-73.14357379131998,52.90946212213844,-109.36749871410487
-471.344795011616,127.21287189575867,468.41233190479835
257.08318503709864,-77.29220916293129,263.6008737900817
18.706845326820343,-9.790176327843398,-2.798658185301428
8.305566729738537,7.129228169275816,-13.42044167001461
26.46508591297672,8.075456280575148,6.327534233750191
-148.3762783071465,-3.2082607022904592,-17.71085528669764
-16.737457796416276,-26.862210166199763,-10.5506189553077
10.609308193081922,-4.5295445637783045,-52.98926391137125
7.563319324291745,43.188657978511934,-3.2500408080380785
-172.55574346067328,865.3460023563129,12.555572017332405
-108.53050465687676,0.3109511491341468,-12.399799889776707
28.09994218726143,-6.333926616437,-1.1373712894900414
-129.59073519591297,-5902.302168454751,-3374.319983879082
-104.52048233338644,14.454773980216421,101.77469372087106
-31.92895398967966,-65.13199954511104,-191.12713196555998
-7.732719886931906,-8.493608168254589,-21.0870533665661
-226.6635432204204,268.6464692022715,81.24340194697415
-179.86965792802673,204.98250097145996,65.72236131135335
-105.14945052053143,-38.61390936566141,51.399310148394
256.2834763903449,-595.6121135355635,655.456462425216
8.678127947312987,9.276572688831564,-39.8562172444763
20.259188740269707,24.155924629939417,-17.320663645161392
-67.75986427859883,-35.81528810154896,-208.00188667449368
-185.468048132614,496.49128867230394,-118.134209517791
-11.699049439667386,-4.428529433005292,5.691258056811696
4.212143599797951,-66.91170474624705,-153.60394271712477
10.79833720434353,13.72423343072898,-28.300818987445428
-105.28540375008387,107.34835190597612,59.087503968711864
-16.108011781575826,-6.542910775326758,4.26282256735223
-264.5298296259237,364.7251263039412,187.8614558249082
-151.46580698409255,-20.163060057350688,61.57505085488186
-43.500765076813465,-58.50941635887617,-21.97591675074237
-4.735810557225069,19.406892628385663,-28.806573467984453
-699.2722630139104,-301.1812026916512,-196.96315910752196
184.5812423475627,15.569275677145784,46.37252243860979
459.050696325749,52.54033435032195,118.08737303455159
251.38084538677327,423.53323796112943,202.7829345773271
-104.35000795576883,-23.137398441238446,-184.32536440219607
-164.99766703391452,199.6463306591355,-112.88801452638184
202.47543085012663,-33.35859556412309,-103.87927610474024
3.8433925357897922,76.92776712098339,-157.8404103536087
31.09255376893952,-125.44836592374669,9.63837103391206
-27.731571215055123,-73.94790727261804,-133.0390852078614
195.74645540588764,-200.47035330290547,112.91994526494926
22.380356735219312,6.694793825188515,8.146288728773433
18.801773367824566,-41.64370192696615,24.807907548460406
38.20996766042574,-103.47582286113257,-48.236348696815085
228.30975870526802,-254.55691518116717,237.10328936855836
-165.21276481475812,-76.26657167861764,-19.25956062981982
-71.6093197238795,8.197921602914558,15.914557539739269
-172.32001751041815,26.579007982109953,-89.07889719173734
164.7137459238351,-89.4085799332293,127.42309303286291
126.92638022654616,-109.46316933856585,86.35451740900815
162.19841082920584,-9.974079828139162,1.3012901529121925
-58.34546831324734,37.055639940265216,-156.07629638072936
-373.4046893240326,-5964.583258192214,-2918.9238589048487
-115.46456612972119,131.16091297803655,62.561688757922425
-134.52875541073,-139.82985494106873,343.46590781444326
363.19205411989367,-1304.7818458996264,1382.0331645929973
35.4593897458199,-19.560257900267388,273.1190198699627
233.55819759341298,281.0748443621854,172.7253100292182
-51.999616955554906,62.37790729272028,18.68891138259156
-62.05140443394923,32.25797145920586,22.97427248905887
240.30903243808365,54.78187573379599,419.69971034152377
-64.18136573340561,-5373.863268102556,-2885.736358025575
-81.54481082894009,19.859536558880485,-15.239258344777294
-132.04195613808855,36.125692860925,4.132309710707706
-169.6605021516584,-6270.142467800199,-3514.6306701413296
-440.9875585971474,123.81846033353315,-289.812261160843
197.72145534219317,-267.96658212717995,344.4997358278268
117.91166702021678,28.865473404889855,1.6724983184205682
-373.6826850784377,-864.001992005697,-438.35731633309894
436.3510927434936,126.99862599919348,57.969096740211604
386.67852942014076,90.6545301810744,67.83780854454271
-173.9032740543161,61.23292853284391,24.0600989291617
-56.41998669861297,-116.40930668400527,-48.110567885627155
6.509693251637179,4.65402463782997,8.850120942114915
3.3876231961261647,-1052.9630725562986,-575.5495563736281
94.89435258687901,68.46139343791448,22.399201428983304
88.93356588696902,83.99343169949084,-19.042370938806588
278.4041044657955,-5982.063608924821,-2774.419963414687
-86.23803496683286,24.21989757727554,40.14922384325252
35.47293458358464,-106.63037212400334,78.4373539949258
-101.71352845458175,-48.244668727546795,-19.740818566823943
282.780739763026,-36.15515021820462,-55.81400681526829
47.82419628842968,-138.36801473072438,-47.3160383468839
287.8589853667943,-118.54205318941625,-43.59941134049112
-548.2398810942966,-225.20037001193447,-151.72989336383029
131.2549825900455,125.37772550630444,-34.94765508804029
2.96620423386767,65.36576424542386,-93.13779642043639
-32.68294235333424,11.444036379858883,-1.3210468973875575
408.20882078490035,-755.7910611868173,736.7187523495692
-193.41219971616823,415.86007598914904,-180.5289415668641
206.269574811979,-289.62229425726963,125.46516684737999
186.13838306637982,558.0869974239536,-8.264930716574897
-505.5658976458374,190.1396967891074,113.26153733066172
-111.5791217917199,156.88933559329337,46.21125488756519
238.71277903265772,4.360833008943467,-259.28375104887243
-97.04271249119623,129.07665807869074,51.16259078259993
-304.15077583502216,-136.82802626855175,-42.8305882099068
-24.425809572188538,-3994.7054955158915,-2136.0316907578585
-8.838711925469593,17.36709919571387,-56.60035651853084
69.35362362550386,248.43529527771778,102.13364044860599
-348.6147029971,487.94127241654087,-207.94332514118082
299.17092319080064,-632.961359208512,748.6806240754979
13.314922744720795,-11.52774895002982,0.793825256088074
79.67898494359736,84.79209788121656,98.14368780650223
469.32043949539906,-670.2106010562834,66.29573464877548
257.2179890907902,-609.7106830990538,616.3580966280683
16.65120100593798,2.9354571737671002,-16.47341114283345
11.474948542518424,21.262741246372094,-9.205357848904148
-50.837933774356536,-107.73562304802071,41.428346479299975
21.77405011473262,32.69453847326098,69.01035824151016
-0.3581725328610962,-3.563893595205202,-3.498216674658562
74.91572001036167,-3561.471490856428,-2281.054241948714
-24.34236746680575,-10.001841810989513,-18.821235841169916
-30.502046919525508,-10.018771033569603,-19.964109807000437
-18.568065061079253,-13.93382496907772,-29.641915625995463
-493.9376327492363,-227.19203479919372,-19.274513064731828
-9.640474492874015,-40.53763324122715,107.66830565561995
10.837278497343728,-26.02682546886818,70.32570738886376
-24.121158462009497,-42.56263303759961,-47.967097019907946
-17.36383003308303,-58.14657016623852,-63.57605642004626
-59.49949344168518,42.35399075908405,31.827218511869443
6.930422686678358,-3.148716301367309,-10.69538846080299
-10.797044447535788,31.277190879219212,-2.120084984811469
23.378829521808967,-37.659481072322286,-31.66368111880855
26.954680927975065,38.280336912212476,-81.34442735804686
208.77057420079018,-105.86920768950067,-68.63557704332159
30.02342950941622,5.897194147418241,-15.265185926505163
25.62893919847268,9.59830125357615,-13.88066853745125
-17.203600559393983,4.0146877931991405,-6.183608328149261
-362.7175631483759,-5419.375014471298,-2549.2764506635845
-37.50971653376735,23.291527874385423,31.043816950129482
43.390321657112494,-6.50739153134176,-16.50642222863986
14.67409592755695,-22.82436009574466,78.2257081666164
-59.089700763903,-12.671766475941162,-61.433861500166316
-7.76301293977444,28.82171056234238,-2.80410742437881
-6.576658171546632,-10.076646458359749,-9.373188960426162
48.46195950577425,119.85342072820968,-88.70426041970843
-27.924875091846545,-14.066617268714484,3.479550863297153
-18.254475171160628,11.624651089083565,-25.6007740026068
1.8910980539821243,2.5304997870073214,-0.5262753444547117
18.044551000061244,16.498096368886774,74.15980881244984
10.034441145005166,25.59692332966829,25.671351757406754
-81.29583495836063,-4931.3837852311735,-2756.3281644204644
115.78657738426223,-160.1149933223555,-191.20580276503193
3.7618162777044613,26.008472262677163,-5.538441099655257
-248.31468175735253,48.55234403568473,2.155316307470546
-189.0884291637022,-5882.136960039077,-3202.297667191271
-28.223413866959138,-97.05005992449124,37.771724640887115
385.90397689641236,-56.94064117742648,-41.19139471827584
314.57210053006594,-172.38632933747994,-90.2467704112009
-149.9515928691972,-5503.423497927233,-3062.6531508250105
366.2448728070585,-51.13557951968077,-49.366382627532055
567.8265473198057,-1208.4877371067957,1067.3231757164108
103.12675813963214,-266.5926210763278,245.599199738646
-204.9020489607245,-229.55911739792504,-92.46016205470623
-140.07909186661414,-6425.518693103905,-4018.6424788221843
318.4037072654056,-841.0684818858496,871.2361475959766
-5.122823728023992,-6677.194622505769,-3629.7445819034015
-129.77836080017886,-6190.3940654611015,-3412.7816940689304
117.05227157244205,-312.26429758314634,265.21832123485643
79.6658653401653,-292.1355538902136,320.00650426805504
-49.86843548321804,-33.33159590620727,70.2323810287066
298.32006275263757,-5686.431427189673,-2741.8794218617404
144.26158304072288,-489.8421805832605,470.9032840287069
84.24398990939773,136.1429750644501,-306.346510973678
327.1656912923685,-803.0144139290702,987.9610324113692
-32.73889765770293,49.75641122928346,12.901644390963845
17.388314227952293,17.63353779088269,65.29649376718096
159.5776385388691,-340.81288447698086,377.3891719138722
192.87075363945857,17.418765408498626,-85.96116641362526
263.38774126069643,-30.67301089940412,-231.90410198388787
122.01212872584317,235.54704508036406,-273.7229407150545
119.53526203233193,-124.70121189443579,-117.11084193583774
10.11945713406638,60.15777019170667,-167.49706526645056
60.868778763041135,-10.191736497557788,18.43630114909986
-37.052677393597286,5.524568101182625,45.24600324074382
143.26259737107318,-526.6880224164171,479.2223564834779
175.1095958012045,234.4769247835888,411.47862333422233
106.60398228178337,140.00143738175174,67.12404478805391
26.291428890466033,-63.46382676339929,61.48446352642927
128.73103014657312,-410.5303486647621,356.6680049115578
371.0601734779459,-833.8583242860885,969.1342554967879
-65.07639655784392,-108.75075724605527,-60.963420462239455
177.82137317879574,-325.15022683205103,355.33525958997274
195.59099127304412,-557.2271666100456,633.0327652061688
181.9864389336084,-458.2553732965908,599.9273717618377
6.415484217009053,-9.05811333713999,-75.31999712747495
53.403527870627556,-223.65967460308767,251.7569152822064
-161.22766385570642,-45.70844147936411,-197.18497537631737
48.68125299912631,-106.02867264476724,70.71145352503963
-110.69554622535689,301.34181647768696,-215.90499375604526
-433.3768730511521,-5567.077810240908,-2740.114804278775
-41.076205567637224,-5045.344320426792,-2586.8346359350585
-77.44334095067862,-2877.706788283238,-1653.845872386834
174.78842467107646,-392.48134033598996,449.76263529229306
234.69011278070062,-529.5939028767478,700.8858447698568
-296.2809029259738,-4475.5379447721725,-1922.5445980433974
89.05667381283305,-248.14092830187042,323.1031797226401
142.67908513798508,-401.731812094015,374.49990797862824
214.09376340793634,-373.50900613159433,413.0572277946667
-124.63051909316697,-3385.413718704547,-2031.2412921456714
191.28200464476538,-6288.728776055179,-3180.8491910046005
-29.491190197489004,-36.05140934781274,11.067314975727784
-3.8994055770494565,-20.873257639569687,11.881185755126516
-572.5073700055061,60.79422160591592,46.48799746933987
36.8870614874525,-6079.674962508488,-3112.0879960152542
86.50289826294511,-5330.267220802315,-2902.700226243226
118.56897564200193,-391.4174995147321,474.84244604904586
13.478229360021079,2.4268889715874886,11.566720331980573
124.29789938407869,-416.7135697645996,390.02783124637364
157.7639210722139,-589.9160315094775,601.4969663897144
100.5425951703681,-5845.340963277656,-3313.6505865260838
522.0120699068045,114.9262045965743,60.02274983403979
88.19510431644674,-237.19713204621866,220.29402930778625
68.22264116392407,-158.06921422929693,140.70214557906036
14.332040198794008,-612.8571294171805,22.074456511392913
147.012668847555,-482.36982087073267,510.540973400232
54.55912327292598,-171.33483349235541,170.46449876979221
-0.7441795096878734,-7.6954975969913315,2.6012940223014684
1.9385994081931488,-5.558235429153257,0.5319073197077581
13.97365190943688,9.136465071212605,-22.764515996752557
-183.5357865309855,-66.08357097370792,-82.74957115185201
14.993153659952375,-9.552536372357672,-15.587326767083583
-8.837383071370361,-0.47685786887561266,12.401237042438467
97.96741333285128,-407.0322814009289,466.5074132137936
25.86433251226324,7.367282355581703,-38.78916671428013
-10.017487069952912,2.170523794143835,6.024469582658849
192.20474113622177,-370.3197733579573,348.2125558920428
77.55841781693229,-208.5314167539451,254.34881861004706
117.22243233979708,-476.90117342967244,427.52487626656676
-428.8888551654122,550.1918711323764,241.22190893605958
260.2726865484501,-608.705730364104,590.4388220254109
-102.28458847209296,110.81529816992683,60.28425264200251
-47.01742929450479,-56.37686853139458,-35.79013273641346
-301.53193998390765,-4732.952702681589,-3407.908039156659
-114.91535827370588,-3153.8294250865692,-1793.614902338555
-174.4810994683483,236.89679735348903,126.69414441076711
-13.818249798426699,-5926.833362884123,-3135.200208053098
-433.64308200391264,-193.3924537830645,-118.46550415168595
-415.04995966375884,-143.72113263554937,-113.14057851216353
-607.7829060250912,-305.04844823480465,-142.12921631118988
-30.815750512370197,10.273318025974012,-28.70286071712284
133.3771040572621,-336.95183927717557,-148.24044147946506
-167.7573022075565,198.0951754239514,68.0534237110559
26.86950710105805,-22.752172554392455,17.34803396040433
-23.67009292090878,-6543.741906759884,-3455.268670366407
19.67556701257702,45.70116473359157,46.25084778214035
-132.7495625460373,141.75063843533096,75.47813985527068
-64.57707871760269,-23.48546182090741,54.40268501691113
39.208865734199634,-19.27971031901829,70.67688068571111
-54.3796651034705,-8.026057726543876,7.023043782049059
5.699935283573476,6.409397583657284,0.7165134333579186
16.427142047575714,-24.84910028019148,7.090415467640651
-128.74637981569074,106.33750041981462,55.77329369707178
-205.58899061079507,224.17586299043347,130.32171134591826
-149.13879179978116,-7.032353822253978,-16.468481418156387
168.1453737877012,53.472185172800856,4.861973533447083
-283.8450853288812,-135.0498913479477,-60.31831630232775
-194.57718847262495,-18.071558483019906,-35.449757630813025
189.35994004785505,633.3903817204272,-426.04940168262686
-476.1079852660777,-281.9915537607662,-97.8067022982841
-97.59319500254936,-11.758965706200943,-10.670392071745182
-56.978605503466554,70.03740178867044,16.159398181017593
98.29949958495008,-45.63959371020394,-18.155120801468357
-85.7278503382429,83.12462942700263,30.327618815319383
0.4116971949311795,-16.870493114488447,34.100058721117826
-12.395309280350958,-55.54854093105484,10.07462696705789
141.50552663223704,-364.36304210445144,401.6395865772235
232.89614150161037,-480.77234239010875,635.2105495750129
-186.3746296278197,223.87731072205492,100.36004284551458
-273.15474146022626,296.83330653787294,127.51654626984724
25.915360779972072,-96.726235173971,119.96194063415922
101.4834670835858,-444.41362742960257,407.5318247506042
308.64985957728237,-675.1813417351301,770.7978002405519
361.1268883374777,-716.3582346655323,935.2595608955694
279.90547093850614,-630.4172246235423,612.1938706501751
-40.15400561926084,54.312157153562495,25.064735973376976
-135.49749840926685,165.6495610018938,79.58561298193649
224.46703814658648,-512.7081108494325,599.9791978818138
262.7822273551289,-493.9207296681997,520.9422134232458
141.39922055490555,-313.49662063868385,364.63219785914447
195.9786247683509,-423.358604872778,378.9402712236863
35.33064470334262,-140.31538389542672,167.29191607225135
170.13443707753504,-459.22741179777984,378.8221573374802
199.32784160450947,-336.78118389942443,402.27457808515527
78.58940810377426,-182.49682613235268,188.92666774575855
117.14416113817134,-599.9037809140893,576.4533738995847
5.334741548425779,7.277411216226175,-10.16957019551196
144.71562804626072,-491.627227359191,411.14386636223895
224.54470430539254,-636.2777455314593,551.6829817982491
307.60215776303306,-501.11575544309744,579.9539997924146
355.4839106859635,-859.7313493417572,962.3142295022013
113.93317871476533,-259.3445004469866,295.6639181162495
83.15563026981395,-283.0525805401515,281.84408784466467
-174.975253187229,-5490.853873794902,-3474.1772259635213
196.3442928990846,-584.2887511228533,535.6099965658359
315.7661555708165,-1021.660029831354,1064.8178424017058
309.1041941928101,-599.2504550144853,592.4811083117721
478.88952939447597,-949.161945103955,1275.4805459523145
-92.2080182151429,-116.93195636790303,-44.13580684445116
351.6994418205039,-699.0577763204806,685.1523465544074
121.17022048497661,-292.3278031639144,291.51455826593275
85.7295747649538,-204.24181744402424,253.91410028153626
-17.66845411004942,-5722.041128500929,-2913.2755018146113
41.63188720275841,-215.66094910381705,212.75781598704575
224.31504517976984,-389.19565181155787,445.64819743041073
338.9571183026852,-722.3143146012028,693.0840044858447
299.84625774487245,-685.0395767100018,747.332579349634
113.492830289364,-300.92038010414285,305.19525873100946
592.3615352524581,-1532.077758308736,1276.858415858638
321.79335189081013,-548.1007248948355,649.1599964951886
172.6772012082117,-437.5959230132728,505.22884442701866
174.8622794151938,-304.6879499904983,336.08569538781364
382.2101535766896,-949.6970680244783,921.8460769502643
474.62752735464755,-941.7910378838315,985.0213699909808
233.21691057127916,-473.29077386998813,579.4291290133211
139.06897278493747,-343.9749144803186,427.1023349512383
441.1246489586737,-1333.1586847449769,1764.0079255689673
167.1915499134088,-301.7244073987467,290.91014107697805
103.6858773954356,446.55195570273577,211.8149892873511
377.22395704648,-917.4177372615725,1121.6255660816812
276.56679113599563,-588.6939176653474,530.4983388933125
160.70781752849564,-263.87298109830186,305.4440426125921
184.1102150227669,-337.7538274575352,339.5652723867034
158.50881707072125,-357.1949145737789,346.9909709754296
54.120327667370425,98.01744719436236,-25.4221170376671
-54.640409763216894,-109.41034644500003,-25.633063037663355
207.98847675213045,-726.8788825576486,775.8114732524084
228.32182511853438,-901.6800713065423,938.55596401236
43.60406071080664,-161.75492458034273,145.11332324957598
138.18212904008595,-452.91160547596456,473.3970629061119
80.64117653735137,-193.94669411285886,170.8253102159187
107.8022579852454,-291.9727805596311,266.2787392743929
295.34228887518134,-737.9228044382539,622.960900853297
109.84192139028717,-242.24688513806433,263.79461171751683
542.6040641862674,-1083.4890896986003,1183.5514021928425
-115.32335723685878,135.7735603188581,61.10853045165837
-107.86856718546517,131.49638369290525,58.485336666920475
290.96654917972074,-670.1688350616603,677.0800327845609
106.3244789770731,-188.8381530577315,221.2393941774356
-276.64618608777295,400.38397862372165,116.8623309434162
-115.02771516920906,135.1083254158111,56.424178818008585
198.320057215636,-416.58943191326847,551.3658614288404
152.14990581852652,-461.7704664229336,514.2380264458861
364.0112820434382,-626.176065468083,699.0731567439873
173.06031054765498,-500.77714650155553,570.5203351843901
98.77021497178414,-375.2118516318779,407.0574703078242
94.32919670784652,-322.8750026257252,257.0549832854643
-332.03222406012173,369.55397764286573,145.54823861189607
-214.22572019490454,271.04361627823494,83.97255790906588
339.15700869413445,-670.0767856678834,633.2819146727974
256.5509812644393,-487.83431445735727,589.8690384434274
111.35351600731941,-522.3821547411414,524.47385696697
194.4951674985883,-761.4530001401973,672.8576569358399
292.908379937487,-588.6222751314293,543.881166990085
-46.199758409490826,56.76671223948619,18.876460179653687
-314.4705676557426,327.8340271279045,155.97412280367342
149.85151064288812,-299.40944999166703,361.6582246026375
99.03070946292596,-176.4449666639879,178.640924947823
354.3865038210381,-655.3889512101811,740.8697908142296
37.96487987627846,-122.17542527653995,115.32637763962043
110.14960659230913,3.986840316146934,-17.111020888686888
313.74101966297115,-695.1794386424014,620.4218201721106
83.55502996130993,-269.82597822144686,224.66968350448155
87.98290636700355,-157.83007899479642,171.4656839012151
-72.27049254421895,65.08526702947604,-34.91426854622316
81.73534463628509,41.93920403814723,71.65252708617022
-61.67523167654103,9.231282595589558,91.93804363964549
214.95130537389377,-583.6958348080972,617.2493813247102
-52.32607483633616,5.280749885407934,-0.7560027512589944
428.02592419913617,-969.2449665840886,853.6228674683481
534.9906540829267,-1256.0550932465837,1537.0447212665085
40.525118736756994,-7.661198348760115,2.365317256247428
-5.729979660293602,19.436510059604434,10.535229459082384
278.7283304539757,-591.9886341686074,767.800259779538
192.58583426794596,-825.5050459959807,817.3304205610439
292.3380024501746,-704.7035028911496,692.140215156138
247.90364990340385,-643.7269844647011,555.8787578290368
-2.590884503840201,-25.933842787132814,13.79751498712866
246.205235628197,86.90463184758401,52.49613354047975
-14.71741413893226,-4715.245858482383,-2946.1568002714657
402.4991308353404,-979.9144588055747,827.5733847826265
-121.92401776462276,186.77335693761452,54.32545001549827
218.65011385204906,-577.7252880495962,614.1936669133745
241.78984603894227,-641.2862800705836,591.134055952368
363.65572660978705,-734.0392669037618,720.5705150415854
78.47401928217363,-250.21917617346213,-93.51702474295759
155.33637475252988,-276.21968326204336,277.3847587041473
38.74749369266325,-137.9416483608488,124.52831512964815
203.39372993407036,-524.2662780275795,567.0360080026799
260.5074362723201,-518.8015981412361,509.31503954028534
42.09188540988345,-129.33991713031568,-52.23256092098405
254.0948205628764,-545.391605325936,589.7258592491244
372.50221415760876,-746.7809575654262,679.9775674721513
97.73097059389279,-187.1238676467561,177.3146840498411
178.79335105200988,-681.187691080752,569.0134374297911
173.11620685862286,-446.3481730944004,465.00916262281714
104.07793043583402,-254.59154058702285,255.67108624504255
383.86884504079137,-746.8801536801616,748.985849963634
88.05036915693415,-207.72310388644215,196.37068879827757
150.64131853628447,-490.04897657509946,472.5684497682292
341.22270442780217,-912.6457603766524,825.9486451647574
105.79313888292053,-439.16741901773577,455.3025342721031
148.76175546578474,-483.73774636397735,410.71743564455403
612.079844309489,-995.7574029112373,1141.102554040407
96.74296343322837,-211.1019580865589,275.7062591639475
124.28804212120399,-282.9825855796653,341.9082143577794
206.36001244579356,-385.2263302735686,396.77768529912487
99.77766151744284,-283.4200358979866,268.4842384995711
149.37027585146765,-305.9521522074545,337.30523924286
-0.19568454407038638,-676.0957214844708,-374.7312865213579
-58.9524021983172,-50.331958939391136,-60.11358354499663
154.22721058975932,-370.91171584136714,345.1237311187322
307.51062848865087,-552.9187945068926,570.0281256855311
-108.78269314238632,-123.471669729634,-63.24230489052082
32.41609682291341,182.93811976654274,72.28318143973449
-203.26152292455012,47.67079535727074,11.087452791232154
14.417767502054025,-75.62933833247531,220.99992735892175
-56.19162606520909,26.78875268372421,4.022212569963591
-112.8927226404118,48.7999544309801,10.249870602564762
-37.53505735687929,-2.2122817153506906,6.657289525603267
-57.99069556521279,175.333200950717,-168.68865555584432
-492.77689555762925,165.34084966099965,58.4796346001236
-125.46942673521167,51.65785749683891,16.332715713366124
5.968353919769359,-39.086223098409675,-21.087876210745353
-25.068390051945673,20.339492124436628,11.982826174717378
-111.94612590141631,40.0275233209484,25.684998977130206
279.2122098740117,-41.169416104981856,6.5899847378961995
-122.21092580587992,-159.58682680758864,-85.3499367261301
5.323721186619613,14.214836116165232,27.022551029236713
-103.63847758130129,-114.76683037435589,-49.303937433575605
-6.73542060949182,-8.306074907586485,3.363637158314647
-24.182533248442496,17.377290347202585,-28.03517873470745
-253.79117281500743,233.54059912865046,101.21869333682405
-52.67508931280456,-3979.627520388592,-2306.467024245444
77.41903443493887,28.945544921480906,1.0833893345805874
-10.113266055520345,-12.592907208206345,26.84407144525891
-45.73082695575482,-6226.066854023256,-3615.7986974801147
-90.47649376752626,-149.51047418468912,-67.17662888686957
36.548942380362035,-157.91140418596666,-83.23192949759876
38.622545070507314,134.17161458083842,82.41019950253472
-295.32213832730906,342.1476092251236,104.42462600037344
3.76984749828757,2.18168665052051,1.0091254622669819
87.33373724544201,-11.858400368935106,207.98457929239405
-611.0174873657379,-286.9976830755166,-132.65296367418833
114.62756956149555,-249.95422848682952,285.41628927231596
-76.15360728696517,-2298.14316565098,-1357.0698649181172
260.59014273983047,-52.94230545036196,-0.3810465002338998
-54.901824362787075,0.5382569820572756,-8.253163923547506
72.6277066550446,-188.71963691492738,151.49497601480638
254.7492366181042,-19.465857885118893,-43.73435815568263
401.76481630666444,-37.62490841436144,-52.97347326618378
91.9404881225247,258.82580597703264,82.27102365433015
79.94957137027599,41.66735744250613,-126.2316204540985
17.146541836322562,0.47405765795962385,-19.78487575099146
-35.709532024297836,-68.80864292743242,-85.84050446083572
68.15896183772007,-12.393092308217652,23.375717748215052
81.00996986764163,-29.352058655023942,53.39768589326532
-7.170611473648013,-18.961977118942418,0.09011173448393585
12.317436847816499,-12.140632569807284,-11.02869152324912
-38.96856232746387,-53.27764446866404,90.59311149309971
37.618716520249784,-0.18618507525790795,-69.53709513005873
-9.915821979753545,-3.4560780170627723,3.213648668696057
-78.90830531483333,-41.21867969533812,-74.43906173853999
9.838146342489935,27.746813777782553,-47.15088990268167
-7.566160934484911,-39.907939324442914,-26.03988457328599
45.644690437537726,-37.543988324922324,-17.882662855666904
3.9514257671377564,-32.38650466734844,-18.69816923868797
-11.337992956476556,29.22728081164325,-39.1664919971937
0.6880255957995243,12.388613883682746,-15.358460224272086
17.85749051150242,30.2357567264855,-12.966824468943344
-0.246392448968213,5.336371571971281,-2.1439981680375118
35.01120587710064,-27.303544071281088,-17.69311093134513
-98.40595225205428,-67.7305636976436,96.62422010844824
-32.947511136608014,23.699990838606677,266.04807050635236
28.23433189536729,-47.45061595723771,29.73857092835807
21.52543273781075,33.148615673782636,33.79367141347382
8.779834049994415,-59.533982577193306,-72.2577459554545
-5.954230683777855,-11.487906661216748,12.415414644607335
54.06436276634091,-13.342955033554736,-26.790273759930596
26.769852727060204,-10.939410761085828,29.065771607369147
-3.208168279828216,54.01039330426238,-31.108567258027076
32.418845399810124,6.185839013160719,-25.769688859908047
-13.28889347406517,3.2337882520664185,86.73320233789218
19.689140387598556,45.72481546085765,-1.498840070837675
-37.37062813250095,43.593697044175954,4.596883727367259
36.49589484701067,12.297448665847028,-3.401861200401584
-44.184494045002026,-8.385685201548045,-3.1843572864423213
-15.438114883449407,44.02176806991648,-40.06340101756089
-56.043353488187115,33.3543035497992,-18.572129630065515
-10.407119188671993,-2.2531325668308493,-26.92821762090951
-21.604285178803167,44.13464210449047,-4.345855321048276
-26.198382992654622,32.26757013096539,-28.522730810765914
13.118268784921481,-2.6613275343614347,-25.935965468850476
-15.500402239244128,-4.282287596388235,32.40975074516086
-4.691068559716275,-3.4899204957828287,-38.90975793115599
-14.522449282165216,-11.218093533161431,13.067483412584863
-99.7001994811232,-198.1561708816234,52.189580626377065
45.50706160205582,-91.58458179707466,-1.2439237925360613
-53.292633586228355,17.647631775179512,-1.6549523170408795
-31.780684372587675,16.652170101045897,1.4856203336634248
27.902980675041842,13.74957787963343,11.372787601557347
6.503118585396845,-5969.5738676093015,-3256.4007045516955
254.41157300053894,-6007.631107163831,-3363.8881122535668
2.973775704595774,-4.015272269579947,8.177774384757642
-709.4362525205764,-6318.627374341065,-3565.9147925654797
-63.94688985049625,-5987.7386989988345,-3527.8032921054705
-188.58760159278353,-6852.233858256411,-3926.999601259203
40.58937544300023,-134.366233868928,163.28172033950318
111.28183763471937,-7.878009996943951,72.63440269684891
-20.778495000050192,-3493.781458986508,-1947.5778215485107
-181.51442802447892,-3992.708908510547,-1612.894319017666
2.4834517192475576,-4864.659479529486,-3084.263604280846
-185.7210665842172,196.91503022810346,40.56462136007002
-206.75471699605214,31.730490704350153,182.01305514589757
-82.31136260973227,-2337.0614648121386,-1349.580879115983
16.173874652468136,40.0730608940726,4.092586296732037
-88.47191031175491,-153.44378737733427,-75.8759599681495
-438.3904333473278,-5723.783233733606,-3006.0803916694576
-31.286741325293193,-2594.8652446850774,-1444.5052792366998
-4.453735295261516,1.1241176406393492,3.3339167052093917
-81.91564053078065,-4091.0659202678844,-1644.5575282911568
288.83568303946595,-3821.653226658625,-1813.5987878725678
220.96933920899173,-267.9501881634259,-392.04029809284424
301.8236145202849,-648.98642750799,-345.20585799972577
4.804619499916754,0.1406224267202338,-0.6367554970496878
-516.6389109889454,-6437.380277196658,-2925.973240207714
-28.767441688818543,-4077.6640452571337,-2128.80914323382
-3.271139538925308,29.114361981555312,-17.94020313496606
7.548078161088069,1.44745793578385,-6.750855638231474
-294.9276187277318,-17.34651113214814,125.74471487554443
-199.1355012397263,-5309.460264599711,-2996.66093356969
147.55858588681875,233.02926842239046,-74.04083228602875
7.8810897060038565,-106.77576994567248,-5.627181670671918
-157.46953559232458,-4259.072875503472,-2417.747213112018
-196.56223156297833,-4748.932394670829,-2961.250479099828
275.61354098041716,775.3954756989989,-691.604319530871
-145.8502712147205,-5592.644150145963,-3309.2384483782275
-118.4450959109021,-77.38007926712712,10.040774684770287
122.93710648959855,-209.28164619864359,240.61821936077672
55.12425621516439,-183.17493560046182,192.35246313341443
83.18157549884867,63.03653684226763,-12.927028910881722
60.22063370591864,-5047.2626173915405,-2690.7087442452694
-240.79386111739916,-5786.706943582217,-3247.405281997542
82.12975364220928,-302.57160202042036,250.37939144120145
-19.999379986043166,-4688.994854825773,-2617.217468269996
321.37405784521985,74.2004585644823,228.62621602501727
-34.86269628191719,-1760.5092406943004,-948.3626974095577
6.3445511675856405,-14.534088637118783,19.749298330073962
25.692160956212312,-1365.8543633583326,-732.3126183266297
-9.664255717069066,-4607.9342516775505,-2409.7403458419108
-4.766240850095537,-3.8005493005525905,-1.3533492931796225
54.47079577065116,-172.98405423024641,142.863377221663
-59.904281568828374,304.9143023284286,-200.70872118891637
130.46048990772394,-333.19891050149204,280.8506548018988
-12.159652007941402,-410.74963368677925,312.0452558351472
-24.158957556149446,60.04753459276538,29.27371786929046
48.35323614643848,195.1218831597277,-21.94390098337853
-208.33037170845665,-5991.284815062588,-3785.3936018628588
18.724062858050488,-42.69670165753829,49.73890898134922
-59.41272526210301,-2239.934471811779,-1576.947586340845
-10.426243290053488,12.392762871440658,-49.48187828194133
-60.14992956745716,-14.884314862526569,3.678351288378222
4.771834573338547,53.80673978658116,202.21850021534587
-419.67862129027463,-5220.103583922179,-3626.470519383099
47.405540671094435,14.885967318141113,35.59986542503421
47.4536393727192,-158.2756046147359,134.82141036988043
-80.81255094229645,-39.57919188522194,100.03798326591516
-12.008579421251639,-2.9960707519423764,-2.8473813114591873
42.96501198035932,-123.25951942849198,144.38354054318236
-107.64782191437025,20.050451753804147,7.400596094937146
25.268272027878748,-80.81911613495495,67.87348068199968
252.73475442721008,-276.22277369156876,-170.0606060196018
91.2358943318938,-15.854686249235957,-16.389432789385825
-866.2292884175858,-92.34852554803194,-97.38977842498427
137.3124410424595,-445.4949438796368,424.9344240440404
288.2242969996583,-732.4984045341583,-337.4247531968649
112.45746640000013,22.839334177277998,12.764230734026476
-43.29784672542156,-111.67186770569243,-86.1433486757058
440.74419341118306,-791.9417976686696,859.9988913827981
-27.015349648073528,-37.02266913551328,-12.100165964343036
27.34447570995371,-69.70994859486004,59.93178244721012
41.49743601983503,-175.47196792434207,80.7604263271212
-296.11109257777866,-83.75758358000617,-271.1551036698968
-8.430109900755403,-3.606805566205043,34.23721891609741
-68.54864613107583,-3245.760376114551,-1974.9280148801183
-17.98785304618151,2.627450698517501,0.9549764687354931
91.53044581750609,-254.35041472545288,221.1368603974442
193.82765700326752,-508.86866462039217,615.9446691904092
52.57196068038417,-53.29659214620261,14.333718980832383
-3.8614885815200104,28.575093000655862,46.435521252040004
2.9336815249566297,-16.24230699788081,-3.9267474755477
-109.21871383119733,-6053.297855576717,-3289.0357772787124
78.08228767322355,64.19311984894246,-5.998942888148896
-22.78055066816014,-0.5232424907952697,97.96072939985295
-1.5111581235400775,-5.994194699600522,7.746227551456248
-835.6288461249715,-6652.145142944472,-3807.202309928397
-55.7583291612974,-107.18483412906116,60.87976121722275
1.3315317418654378,-28.958701030074142,40.32448418468844
84.58530359068368,-122.89381355087399,-2.802081975049735
53.4440855263146,135.44528624629802,61.33247231209874
-47.366486853287995,36.78549137078287,61.24435078174439
82.11167800187802,262.9930040858619,9.110051240784223
-474.67308182145456,-5850.9799967321915,-4064.519472610986
-13.014680764381852,-20.67336423631989,17.52541964586522
-20.93771412006908,-1.7755636975229825,11.353421519185233
-49.08946922174175,5.1901516763691005,-4.106563778142609
33.33640302805327,-98.43475305987293,64.58902900023374
-0.19345801249623776,-45.53952404609715,-7.844942201338454
-52.47810735434013,-19.685068773094912,127.73412392898335
-569.6975073265189,610.6099509265415,172.7892902480866
46.655849943977785,12.117671803091985,32.45341132034625
14.148787861095908,32.09600187001152,-42.73716930941873
-16.375227179828453,21.290595349515453,47.89789897774431
76.25533852675204,31.069528218974927,112.03787541015211
2.669385847276119,2.5127892566737575,1.111370666477616
-41.127733209020676,-64.74008869268177,2.941531660770537
-67.88603563065148,-17.281760325957375,72.98894767285033
-20.03952143487948,24.66302615469821,-18.374710488975822
107.38357510085247,73.23384127493951,57.23974900955233
-19.208376276388417,-9.228677503315614,100.81634653350852
-12.539161345720471,-47.86496209802887,87.98870180369892
-59.850526960909455,-250.01720605904114,-47.24354022437785
-31.747792809911225,-316.0079546847521,421.79351613397114
-19.402169902439265,-141.33487615355799,-278.06902816878994
-6.334365330997344,-33.378492485959384,109.39481457646067
121.9235480763515,-299.70550695393604,295.75305646257965
-8.929623873153158,-120.4566009013099,-259.12626293331704
9.35743980370563,87.1133754959629,-22.81728273983113
40.124983230247636,-53.751216625967544,44.809336686126656
-30.86611259647619,-12.023413249476564,26.750030528281
-736.1603068147202,-568.6265975296885,-575.2300508077327
16.329774195221848,-2.2901536482428626,64.00285229121049
2.2612195028309907,-16.243263936458053,121.39119942998576
-18.688219161797104,0.4015249176595634,-99.1147430320088
183.07269144742023,14.48516816755551,315.10569778148295
232.00861492787095,214.25444642723136,175.2140656751379
-12.162600995403206,6.717308744223709,16.787057446181347
189.38150844247718,-262.19962149608256,451.6828100153503
-230.01652853837672,-4681.052092625472,-2061.3693756155967
-81.18078007212442,-75.94807482524656,313.5223481368117
-112.65525926019849,-17.686383187129707,58.64228261907507
-30.42326708745645,-8.850132217174053,64.25878911731708
-88.82983455350717,131.52773049296133,104.22203332101847
181.44522539179502,-665.9534197941824,731.6404707552434
-147.49579451472465,105.06109259412254,-210.79613759364602
281.3990386362071,41.48442135252839,531.8328233577392
-221.1934637845016,258.93266816763344,22.085291567117647
-1.8092418698755472,8.167836229309222,14.68905897862327
-342.606989909691,-5332.757342990346,-2500.8637650315072
20.674816957368378,-2.2633048050998497,0.5829557346187593
68.78247765634268,130.45320188082104,349.4048810413164
-246.45770524379816,-345.3046540997534,-421.1378045948984
-49.244353173008925,51.315035276203126,-169.73264210567748
-260.62764326355284,-6270.923194881637,-3568.752655405298
138.94550026110974,-267.438795913475,262.0866284294959
172.4389488964125,94.46936434470284,-110.8881727679207
-32.832484710559676,57.406378332223426,-5.0103458362168105
-80.76434754824453,18.19121055841719,-1.9268330326469483
-5.721868730565233,-26.815616321596746,38.479964133079626
266.2409127788806,-390.5367374412597,439.31899515887665
30.25558463152782,-5774.3288318963305,-3049.1164524710057
48.45372203907569,44.37657819190281,-6.859408591702856
-334.44028388871453,-3213.2279563328166,-1542.632748632566
161.99973131899588,36.72721732469745,-3.467588377760969
-4.97332064790016,-22.120324429619973,69.2711099613073
-451.8806028277618,242.61112812177655,-1161.827767485137
0.5931152632438276,-17.551044949765547,14.25771662980495
12.22906379108354,5.319204849610904,29.28171543491749
240.14910171648845,91.12328843125474,3.985726939724683
-350.44560032629676,-40.18287604942472,-59.819018450138906
-24.42603428072441,206.53997185267173,-221.64101686604496
-1.33799525899267,42.582829701078055,-80.11676653095716
-362.0414061441888,23.72981677607615,-260.1410682628032
-719.7702509866326,164.93204505125257,-13.738272047515288
-207.9078068924637,-13.246815692902429,-35.09652307799579
1.740517511832078,-0.969897807793061,-3.044517807197732
416.99642696861343,-26.41651240332664,-120.71269265431349
64.63118273720599,382.98641086776604,-310.6881148106837
190.75597557663698,-19.48158794913537,-132.33406935776435
-56.47103511452135,23.927179768780288,-128.61315020404007
-149.9180063879783,-6450.566503847597,-3881.8315742443087
32.83074321274115,4.113348386412626,-9.629898298582761
13.403880157953042,-77.34451379663322,210.20654225611923
194.95990204663096,154.91527336868606,-46.85992846850412
-24.657736044556756,453.1332779912847,-197.2487808682986
244.6813885291545,-76.24806997688357,-64.23207377350671
-210.3441903889055,1106.261832451243,-25.48443704016237
10.343169471431656,255.2516650064318,-133.68428715720324
110.50543604938052,-43.752950674312245,-112.53761857631197
19.00484560328471,333.4754431741408,-66.3511830520427
-9.419659323844927,-2.2434488120211724,113.63618816050872
51.46290698821572,-318.79519216976655,138.79591428699868
41.14698223989097,48.59883551384077,-67.00450774991745
-72.8789334569894,197.57510414201275,-81.32092484376038
-139.13486111103964,382.11099662238007,-75.88166849024313
327.6322160866701,-69.76157425970514,217.9325368983374
-0.3230763109734189,16.980653194923203,-24.538171825362877
-55.4538779142318,15.144927329150802,-5.583303552397516
-132.74425840409643,51.21987965341901,-12.902150132274144
-21.450556905480145,-13.972120003544335,91.76085572324025
-112.54953772013087,227.02078673334373,-328.83313728235856
179.35788248882812,-897.9412057669151,898.7489323915677
-10.994722567742073,6.283987912701236,7.889229342046529
-208.0430034713201,-6057.987086299133,-2534.24753545102
50.32476555365655,61.07144061970987,24.555642154151766
-44.849769111217014,87.92105466979615,118.56873485629016
306.8606558717047,-658.1745198437959,880.0055350998515
-96.81732383965063,784.7093950082115,-2.3560049607199036
48.238163799598055,-85.51523330220598,82.80425273204526
28.537567671706988,-14.573108113975227,-53.21538945907597
-229.5408093105468,65.6825490395333,-225.59398315941078
17.585856101600484,6.458493375310067,-355.09614702006394
-96.11107998546854,55.34977937487721,-120.80459528999421
17.179402888036307,-5160.176374603658,-2881.0388145768998
-9.39652891843988,-5562.263468314457,-3324.385178389939
296.49327460183326,-135.03903499599727,331.04025299687004
16.250865384136,-25.96564122819431,27.524431321380398
6.692054267919556,-0.493624258163617,4.97190063535788
-115.99189572480462,27.033439865181943,218.01616358477105
-47.32388053470702,13.409347975164913,-37.25154761157875
24.512867904714454,-60.16615767620627,87.75881082585329
-14.401828804133393,208.08165183678128,59.903151978614325
-231.47424089091587,-15.051381914435506,7.9713051904972385
-867.2910829060028,-6688.12902504177,-3918.767194144807
-4.023586010191715,-4.770801205697625,-0.8463303635718183
-165.6283357468447,-4867.497665181661,-2702.7640914161952
3.8079747414702014,-2.62986219274726,-20.68861796315751
3.0319876424428047,2.9628116607825286,17.727780452126687
-49.56170960284921,-3.3964735967576907,-17.018579764168678
20.465960239674217,7.113401823612853,10.256275211005965
0.3299671898733008,-1.749074285345493,3.0384401850209706
0.953129668597503,-2.4733934074785062,10.290802776104549
59.5214305139992,-45.87442505369648,29.563106284691244
6.867747666487568,-3.8312506701029836,18.98443419573757
175.62028188999133,231.52248808565935,-128.2873618230015
-107.21659230156709,-3735.7227155606997,-2126.7064665296502
-267.4252660671223,341.4637882120713,89.27239986575118
-612.6673766280007,-5310.892112726976,-2853.5352902303766
97.48999157141701,-302.0648531354328,331.8708932290906
-162.09338538875934,27.776037660031616,-80.4473755266115
184.63524007623673,-6378.849908646243,-3440.738826340326
-5839.834186618506,1546.2905520037477,-3880.428095144365
-528.1820938729169,-6507.085885471244,-3083.384010273928
23.270117589535662,-184.11938818355551,79.32648013924721
-681.3882690867721,-6958.349098615809,-3949.4288002878957
-90.97770365743258,-6244.108575119938,-3440.891041511032
-58.081885803747056,-6457.485252520176,-3404.0432882126984
-312.8076950415175,443.04047516278825,156.44424376225462
-66.28790826589255,-3590.107444316809,-2273.59505002073
-505.5620086085997,-3429.0254097744187,-1852.3206511219971
289.77302584251754,76.97256100104633,22.163662761643522
192.42455733048027,-511.3441259757037,676.0704092491494
224.6037753777187,50.905097166429016,38.60833283828397
-56.75383453000975,140.39969547356097,-303.9711890986901
-8.008344606247388,20.96886583266745,116.91685843521104
-73.01831174916903,-146.1387441218053,-75.44055185908097
-140.59763362105392,10.058350988722408,16.218993943754956
-30.132570485547937,-3.5756846772771924,-95.95756122381484
4.42190146701388,-2.686637821253324,-23.031977783799455
-7.996783129404354,-0.8043948091357872,16.502276137924408
14.046831148616782,-7.1108859250442285,2.367120878463362
83.62560240114496,-1664.7861844305614,-779.1621902737446
-247.49808098711367,-4447.777645527675,-3069.8727523876273
-40.307069722863105,-48.86145339371288,-23.344925381124646
47.52226076787652,-124.96524749532911,-18.03386533555939
351.73947056506375,-734.5778076345025,824.8894553074955
123.19776079331862,-358.10591691366943,318.49830805034486
105.0921268509251,-2.4968104925051144,-8.68569003094086
-48.66438071169525,-59.85423327004272,-36.58082160931455
387.5990525137246,-945.486541723726,786.3843347942355
63.2945548650158,-261.5224577739869,225.76234966285404
143.4810090533117,187.01209157254647,74.70041768762057
123.76271003863766,200.14800917257557,76.03844575046689
262.49550166136817,378.0984059153174,174.258609373662
-35.65949529116436,-7420.543946632429,-4145.389720700863
-183.14131038926584,261.48317915576035,79.71064626823136
-257.298694678446,301.28793042966294,143.55370827038382
-99.88744623237949,120.39141243435076,43.914476636247734
-214.2318339929268,-93.69107397884783,-62.81248864451333
64.67365195780611,22.6544396983285,11.468989163625473
17.42839170951666,41.36883134947796,15.615094254870854
-47.114198526868726,-7.729895138590782,-41.229265803882456
3.0080659018694664,-0.2718592264321331,13.77517033836656
1.9558107157659583,10.574174466771812,-67.62301593452015
13.921921575144372,-3.8955738125097232,5.482653945564871
-20.47873759730914,24.359975555476705,66.20897653224323
221.5651480695688,-659.0716671488906,606.344841296182
-23.57679758507044,-10.059586825167173,-27.751111115584898
-2.980809406980462,18.462715011846296,-6.533222151481009
-2.217681536718899,26.388009147363427,-42.46771854115029
22.654225180857633,12.420685140007699,-62.82848667378347
-79.95011259157643,21.993222044665057,-15.773472930788301
35.69962489686002,-31.69449572562997,12.514616531141327
-15.868504543404741,1.14425901886487,-25.46617336023788
702.1023458905903,-1389.1016835210553,1700.1529074862358
-42.12015189023917,-92.32895808708584,-38.386277538937414
-16.940152095069546,-1.9124136979362816,-34.98771671378195
40.23749076966941,-189.16021551662863,-64.25656500516808
-43.34740221178852,10.7775886174673,-185.41565388359763
176.50875576326524,-348.86422233851715,437.8963359427041
-50.682831285810266,-59.92334317146832,70.0053696512527
0.3523234684364419,-53.110643112447065,0.0968398981210672
40.0825031510252,-59.36921960095708,5.739020509755106
-21.69403563185619,-42.39744975186287,-24.3481828295669
15.794014089188716,-19.18436766893314,-44.16314868455035
63.98858201289783,-204.86834033123387,202.81119385010382
21.52648204339611,-25.684781287648473,6.666094034815838
-27.180826390471434,-68.00052537579343,2.6653857801689984
-58.367075767603296,-43.50629691913978,-6.597456322894874
-46.23955185243328,-155.4209784485643,34.388964837241524
-7.529503908754263,-34.02155214989174,-52.54466007845375
10.008537870542154,-32.20653984405486,23.266501805325838
355.15242702570964,225.53787470541457,266.1337257472505
-91.06795568027098,-85.95669531506408,41.258123802827456
-12.547442297854854,-83.35502523877797,43.513163128813
16.68988094272128,-32.20963822474149,-28.119971906797147
120.80036384083297,-81.93025340717944,-18.978686375978157
-3.216406585856568,6.947994786277159,-36.90353600245272
-4.048232117348335,8.180611713418688,4.858498607424555
-246.85568651807645,36.82593660780937,5.361571751528399
2.9551937956823657,8.455445593936577,3.075986449976486
-8.614848932490633,16.93808514344495,-26.411759943324
71.35479881333247,175.3398406849661,15.148644126771009
-13.036571864980512,18.367238376769105,-18.702313344079624
7.978051231585176,24.778795593777808,-2.586869064715057
46.394274506663386,-23.675932125600614,14.975328533101262
97.53612031253053,-41.879795226149206,-32.98821018478237
9.791090772847191,33.94341716771358,-15.17148146182283
53.653813491735825,-19.496120883013464,-67.07255397932117
9.265682927979752,41.46505365753466,114.48523778223948
20.90482803485955,-6.228237695501107,-24.740693110769744
8.729213724176446,-2.5585616523411927,-25.0922570939487
-84.36344904383778,61.43242762792508,72.48008707339925
36.67940767133105,14.30319675532811,21.43468573174499
-88.91652200936798,53.374973093199124,-6.903365632635255
-135.88253977939908,33.41279933128828,-6.142023196560564
28.996593731911464,11.444192764846655,21.48840327985084
126.33418202199817,-334.64792265012164,273.0392688218873
-259.9098192608165,20.340145896928668,-112.5730569794627
-0.4794687662803939,24.4087439814061,23.790660433084504
26.570967509388428,-48.81068973820032,8.267065654521609
-903.1135432018407,282.25554528458446,-1776.332457520697
408.50752725075495,91.4176240370789,43.04705513608406
11.592743005250911,16.512067771774078,-26.692158030488013
74.8065247072655,14.774414175256679,28.43103176547153
-5.504499253070286,64.27822529391875,56.26299247149206
0.02096395683894168,27.673369957740707,-30.993868681636503
-13.32578458989549,-6.735267725750045,4.695515747622808
404.05366118892886,133.6279441274834,52.35253244194103
40.82471795559991,-96.09482477533598,30.876013088531888
388.1212020747941,-791.1580299201461,959.6359419555365
-109.92940890562127,129.0187267952397,62.4540054263616
-112.11949790198204,131.05377380160053,60.32024832978029
-49.319550741527465,72.76630190417447,14.214466211730661
-7.783142445447309,-7.176167585520457,37.30153111518081
0.5797471192862789,2.717852060311206,-2.7831736845625343
551.9098582650143,-1284.3508279462706,1086.1373449079176
-121.95146068404287,577.5748098596163,-38.37314526666267
48.673822723001265,-38.58361485296064,-48.22980839707163
210.91774031731578,507.1608714653991,-294.48205904247254
115.40563629188391,-612.6929781138252,67.94122935359027
-570.8269818830468,274.99321083291295,225.10108584832943
3.872686746158518,-26.32475879727551,-5.47978958367871
199.7714236575565,204.28937758743166,337.28082996039495
110.38605901849121,10.080967735535422,-40.19438428289791
290.1177108672604,-823.799001197581,-359.8079308131056
-230.31769068875283,21.18130581953857,-15.79035223100319
4.288477073985356,-15.70371440159881,-36.89898936920794
324.3440033140761,-826.6267000400509,699.1880365074151
15.838918013065479,33.872804403866326,-33.622369167457606
42.230187436474296,70.70426815569283,288.7313262232696
-38.19331723116927,6.5869948411540165,-16.62584262922872
-82.78676658619399,5.406216651437054,0.007831395776388236
124.00655685075763,-791.7022584335,91.01345449061539
-290.3438993640148,703.7567614810931,-438.43584275551945
0.06921024624869138,-24.573266438659314,13.944113542153698
35.64604465537407,-3.0543162077536623,34.95426964220724
374.42801991030586,-697.864670994162,663.4818343287611
-204.81492535010807,-356.1213586538503,114.29103492560301
62.65572793901657,9.133598994454555,90.07501171157534
-40.14884956066219,-93.81550510896253,-46.92417132091616
-29.694541621625486,92.57246291229497,56.68465116090356
-16.332106943905966,-5.684995785666353,2.8706270568944263
-48.972047045510934,-113.25882111598105,-58.71456844421554
215.3695082456669,-131.88824198900423,-200.00200110766266
124.95351596802362,-321.31434698791173,399.8515314500631
-553.1292876744362,596.7127355928471,168.06872993532073
-3.362930020213259,-0.7510436468517203,-105.0394966244587
157.72117321412313,143.4725061887675,-341.54148853085866
-188.42093117786808,-32.92827456223955,-11.265304808075934
28.169670668005722,-13.418943793508806,56.604978650404504
-32.27107117644675,-7.6257938660208024,-2.058998476849088
-42.23621381211549,52.68255327692487,-17.409110553133917
-18.22937023544968,-14.904782502963334,-11.384686310929236
1.4272881494973133,-54.896259547304695,-31.599425169032155
208.79796719593955,-558.3486102161647,578.5536779016453
43.608085014673456,-16.650047013057964,51.590799446276975
-268.1674718318545,1372.869248971293,-7.303600842801026
114.67937407835022,71.82012844593238,-62.224164654960106
159.90376053156908,-75.25526407246281,-5.660187386166147
-219.79267638123937,261.1736686274431,115.49382591660193
35.340837210917236,51.314269946784876,20.567976942323185
-46.396260774895914,270.4460220226178,-204.12810724456736
-8.702719412999054,4.906422034961743,11.127747655453518
713.0945260942419,-1665.0168719548533,1413.60272968048
163.93048535112158,-612.4230071525541,-259.93056050177813
81.39686424744544,-390.7711404853357,389.42036330740723
0.5250514732317603,21.891606519524863,-7.842501702566187
148.3177104734844,-50.37463192651481,-38.76746629806767
-127.49976081255357,-16.32111923958538,-15.40531270402724
207.6741590680778,-60.05162110459299,410.70676503081506
39.82163738384608,-27.274839798826786,-57.71326665254538
-0.5471118728195973,-6.940217385338618,21.625862403216743
55.11448366734985,-32.14302361077507,21.994133014933382
-103.19421958569924,-46.89279863938847,-17.13651799124468
8.21927311831291,-23.670957744355256,-12.030388495868568
-1.5146508531675216,-3.459619153982785,5.256424155497188
109.6580483532913,306.9341291309615,-206.20998406227937
-334.78721153981684,194.66571918153207,-200.67955486528962
-128.134657183392,178.8617656576371,53.77944230212064
-98.67608320996564,-29.78243341814571,53.941049471007304
-1.8143336033145128,-3.748548189758926,9.92606339567398
-8.895269160396001,-14.460385221210554,43.58941306129624
3.822168532804699,30.63677958176722,64.20470445267269
-72.64668776237528,-240.40962653471266,74.77403230798735
21.51001532891943,-33.93524726195849,51.94080145761509
331.80182534260416,285.8235027013951,502.54688231429884
120.88174444318643,20.927166976159402,15.665583893494341
-107.46990040859436,28.460604336950393,238.02238748265336
43.77062483907202,109.94506317575177,54.0840808877914
253.91745497228263,98.0099501628767,8.101354113309888
300.6176672589261,89.93249045293618,56.40018965157952
380.96906197802736,127.24928447127485,43.094161009707086
372.08370549433437,74.33863818649495,43.10788631077685
-208.3474771609291,-8.474642297973725,-1.9629160953868685
-123.71931838815848,-13.087234252445384,-2.4137204044984353
391.07869815555307,106.38267320641421,3.0131862562833254
550.8511013692433,172.44158850959772,-5.216119014959781
11.000976504104989,-9.059903936299733,6.0294039490774365
123.90235760161144,-910.2966321813655,115.78629013845396
4.40313717610067,1.2350736706355023,8.727235752318323
177.90858454825815,-414.49195605172457,451.90091171898564
17.729964792155396,-66.53147177067973,71.2308833718646
216.3856546518701,-726.6298774929035,615.6442309033115
-52.78259081116254,-2.4533466107593056,-16.110813973193764
350.97945745850683,-1318.1032513405257,1538.0531629783372
275.6326059209542,-666.1501693586204,652.3705614853459
-33.805824581148066,50.96867781712126,-43.60932884100759
-88.27052879665831,119.5797283606347,-35.84642206908705
228.42551151119034,38.05625818418714,288.9355422232951
92.62157817705811,100.66943325745137,-92.96102899933204
-23.227804686049293,14.645153863377248,19.927311454000833
-3.849398169589981,-15.573836065753127,-8.74079130107821
-116.5296768239807,315.87582280373294,-83.48489173714793
48.546065259490405,55.417277183562824,254.71430851520975
210.2537371920609,-607.7379892951402,714.6659893889395
7.426541794347483,18.748074574470436,-39.277698761089674
40.443654632676186,107.26056143007776,58.03120727382231
475.0707449942771,-1305.216700968289,1106.427941966416
-193.67700709114916,-16.872190535666004,-94.09834380446416
-23.477186526175505,-14.114067786038097,-15.824453750644444
-3.4353196822223317,549.6082642472384,122.32958380464954
-21.820713683340433,-11.827339042878037,32.466380268740956
316.1190292478855,-641.4462419685484,586.7784329547236
135.4089711813972,-244.9207640806295,278.4751842835483
-403.7269771899441,67.89055521501788,276.05110632212103
30.699076544253163,-18.20369076364122,-27.648579546005763
139.8316596666146,-263.6497133784942,252.90019840110432
-75.19490724661422,-73.33828780039345,-62.81364869739493
83.57170436710105,-160.62985521123613,194.1507459887682
268.3202835409351,-815.7360275097487,879.4671291544255
185.20321446073845,-370.64825147575806,478.3698895795731
151.32263090345282,-485.9072417177233,554.5283774332305
108.30096529616736,-211.86967889760294,199.19221697833717
291.8868095574044,-617.4226957918419,802.142434501214
191.70135799498303,-438.2436576684831,419.82773119605724
218.79572614554752,-452.75839459466874,550.6962991926682
53.95608812909473,-144.8193039946107,149.80438589481253
438.27993228521234,-1077.99810533178,1026.2100942093496
359.7274570972934,-869.4054171025596,975.0946506483559
116.01501014206913,-291.14487437982916,240.73856766228613
232.65348070646127,-766.1373657384047,632.7617052529222
65.1382574659511,-126.35604222688829,134.11771220855317
275.96818203046945,-783.3618686308571,680.7378347660497
57.59447693128821,-214.95064331739619,260.3680323032166
121.17188660821878,-495.0098650891109,515.6215261228581
147.96673855451579,-388.06723382387173,421.3105656375449
374.31316833341015,-1329.8115530033808,1194.8651498855177
362.890812929434,-737.8730725045533,792.3170822745809
81.47415901630364,-279.57650654861396,350.0425849731128
54.89641258361167,-146.8746911269889,201.09502478132447
41.49982937859082,-202.86412333452358,189.411053706649
216.18093286262618,-457.16592867454443,472.30831397169584
130.47518820813613,-500.67922479674303,452.8917390988534
379.3900973724189,-865.5518951448463,991.6788228690331
145.16854636277412,-378.3892515779227,488.30261502189256
95.37911616056411,-170.93754660459092,171.02451165325084
267.7005004993788,-918.1765663694359,832.0309272511539
156.26453262613444,-476.83096406525476,625.7824741934976
90.60499840711739,-161.3264039168202,163.0368601357167
328.5183777764371,-573.9635247223562,631.3352589175005
488.16491108808407,-874.5607961154793,948.5070154617847
260.98495322478976,-710.247799106799,802.9220025346187
189.7325919138574,-393.61282099409163,401.4661407525208
187.1114440559566,-509.7516933598193,620.68737377531
90.70573633038371,-284.9908935489437,244.30582334430258
451.6540533129785,-1407.2592830609296,1529.4184675440515
407.9559729890334,-712.4323247484795,795.2742336804633
141.82459595571615,-441.03212880531646,398.431360493183
190.92762468826567,-654.9747561637394,622.4959120509523
246.7950519240205,-907.1200894780704,756.011853419718
76.2923400312763,-148.775739225909,174.94256872281386
135.45917508932865,-401.01525229049656,532.0997515085946
49.136348775520574,-119.28118162062135,117.11150966578282
353.24592334658365,-843.8624807193657,885.969046509627
234.80672907506892,-754.226548130622,648.4693933995911
363.400741038296,-816.8412501590009,738.892614627794
363.2069122924274,-999.0243522651612,896.4865844195193
177.77989648443705,-523.7013298967402,603.3605968194877
280.88071427789,-824.1100446994498,718.3018146797442
198.13014271727036,-492.6906123021791,616.5607474305659
106.35147894880716,-288.4974889705168,366.82627004088454
69.91093267571178,-294.8177866153922,343.0633511009492
125.25574401368577,-247.41694254146006,338.7991063506719
416.80633054958383,-833.7953039948059,994.6581573334634
-60.204654009606514,-63.08240223804346,65.20366440976501
117.21924051049591,-385.2293750555533,432.6215859263732
255.10483593526357,-613.1024471247906,526.3176730198558
231.06108926707194,-422.6992831673945,539.7114977443829
30.584132098940685,13.839723088527613,17.069817126947257
-69.7707188012388,-114.4167690880511,-69.28342365537414
-32.2823519431002,16.662799997067456,-16.520325314277066
-215.42879667341174,23.726981819258523,-99.25249632424573
43.50885097261262,4.0176690973935285,-29.254052616292924
175.49405655382733,-483.98187231630254,433.4810762691819
-17.94257857656703,193.08903685250726,260.1176511223235
84.41079287687869,-236.72327686253522,216.23828352620677
-54.41391574321754,-30.793906630557736,38.60825922427111
460.49225207310684,-932.0007347167701,983.1706982350717
3.8723137388985682,-51.87959722649332,20.923547479678586
175.2740128215624,-502.74721192199814,474.4801694729552
-572.8805665200426,-550.4797662985605,-264.79069139332887
168.15708054640092,-458.41129731256206,472.34907333382694
151.4079557475437,-270.1574208923988,312.15925075851453
286.665641354572,-794.3774554156269,667.191412785091
123.9460674669913,-236.5705020554485,226.9151315838172
166.76766592966436,-434.9156158577942,517.1141245145093
304.57888893560585,-683.1622344959799,606.8251594761144
43.136726605632724,-200.9099434540444,214.46098882557538
6.479323783777677,-10.914319435357204,0.7377895214469732
239.61929810847698,-602.8839055709834,740.0929937153023
200.8867917828412,-526.3624347434043,515.5256874513557
128.67450766190032,-396.7709459533587,439.0952011651282
243.39769995062224,-627.6762678957564,579.1131280744735
166.04998206898406,-441.3510726575475,359.08628996373886
55.9605787335075,-224.67366730852672,205.9343439228833
430.9668359534256,-1011.1478759857074,1245.6720264972985
-62.30720087112071,-118.08678546837562,-58.56945126387687
229.25781478283258,-498.89584515822474,634.7383280296386
-183.33442767109761,-6625.620995572394,-3759.246588169068
-23.646036538672323,27.297513837614733,71.11898954468494
150.82573730732685,-400.4902192376566,492.23282831367015
189.64125424894422,-523.3476021998118,501.2328456501976
248.98933948193272,-529.9991837967319,564.7516004617861
-19.858455741551836,-7.910959194333025,21.787185831043548
2.7648524521244755,-10.691108409852571,1.1417244749767181
204.2094829430205,-739.5892209520412,793.8580433098207
170.54352991989737,16.777611715569552,-296.13036951245414
764.2591122683415,-1754.136483336414,1785.8987176329356
293.5914130862964,-665.7598200653536,731.7145565372741
469.0179012415132,-881.9859284652999,943.1499876500071
262.50286465562715,-586.7255421110519,642.801409185669
89.15749394670287,-224.23325004571868,186.85063044067533
-258.79085402049395,245.67413717383434,104.5172499075411
164.90791650504784,-605.0100204168477,648.2318188103462
299.27325289767674,-646.7681539586031,755.180241813187
286.4194279530131,-559.1279672994239,674.555831737213
206.89768892832873,-723.0280076308943,662.1691074773994
106.57093366601886,-278.6839806213222,249.5974259534893
181.02351658034266,-698.3530135962048,696.4345356499673
65.12687133659499,-176.11200333212625,191.5053339002644
26.37539724661704,11.723048521156121,43.9372497039103
-29.442219431054873,-18.98928067939235,48.95228308815505
247.847829025481,-729.4258115820593,808.8253452045196
121.72999538891689,-318.4569830565816,259.5981632468042
157.40093179060818,-379.723606864184,321.4043819590875
483.09702164839547,-1009.3815253391302,1008.4079797276996
318.52512573987593,-849.5848660613701,767.7073864643222
-331.1853005500722,-95.23986720128283,-246.255885409954
45.1964412640138,-18.529964051597577,42.048456173860316
16.12857887778272,30.867165792640154,21.46961162091216
309.43972068702914,-623.2590739914103,578.1702990923203
476.42399349287894,-915.9502624564138,1091.366469491492
1.6664342355134778,-10.728074631818862,11.143034500657045
404.0176954289242,-709.011751716052,877.4252675919679
29.416159400815967,-142.72600552374257,130.9869684471678
-61.80263165265951,89.56541080636293,-38.8830574529979
246.79279116342397,-445.81671154334407,490.5286044130815
-54.917357394243474,44.8034021182207,47.63467350025555
479.6173022948253,-933.2640786861707,919.4417434908465
118.87684861880257,-485.2944871299462,453.3992706751356
280.07471519294904,-543.311636506934,653.8494737374542
-37.34048669108327,-14.558529693343969,-85.71024687941959
135.5693710232572,-1015.8860269589899,122.86292675106289
-168.0591504464442,1992.7142625784834,-154.6582272868475
484.1373264517475,-1319.6453334007451,1165.5768206213565
193.41535693492423,-490.8117099400369,534.4064277190844
-2.8792372740033727,2.539132969868167,5.0362796422476475
-704.0809271772285,-56.67537763446049,-6.796648898199476
282.32380017675143,-881.2052766818031,730.6402071484328
164.68115701241211,-489.0441253105358,614.2920457447793
-27.58083830729926,383.63725396912923,-159.68673522335047
188.9227316944534,-588.17105760436,579.8953387005919
64.14114292649334,-192.08008440625983,462.37317783752036
210.87703088576697,-767.3492795128808,916.9081138128649
-35.781236199712026,-39.76852148110385,-19.585433903475284
-181.13682053892373,76.6544880324823,94.12408942203778
79.75585831779263,-237.0298406599061,217.67693839663337
19.98596773447149,5.575735714634061,-3.8174011732091615
100.29280848877615,-268.0984618788497,229.68144745196258
196.79914973225772,-645.1551556945881,523.7572302836039
209.4872068430076,-438.44178327401124,604.4246377255149
252.8421835424326,-508.0619002063665,497.9647937155708
284.6954483100215,-700.9722341092062,629.6401344962884
221.65048450429774,-624.2453413457949,559.085083688594
-103.68109167472521,31.2006930909998,10.056618705035241
-110.10199547973055,41.33859746375536,12.95453878418638
-85.92685827233096,-111.76435764427238,-44.605575254780945
-26.82369669787598,10.113783038733926,-57.89060310789459
342.2935297807744,-1165.9037467222056,1131.679028368619
180.10284622895358,-464.9758882272342,497.26604616495234
114.7608235360395,-331.89717040749264,298.516749541512
231.12236567202459,-392.55273635208187,447.04204194869624
563.3044740456352,-927.2499986983031,1056.9249855283804
190.78590219674388,-716.0492682351451,658.3155617018998
153.98972500166397,469.03646971247974,-152.01521477327853
-131.5566764917642,22.863660593472428,-11.229153784137088
-39.49923144755922,-19.992488805180987,-4.761909535770547
-18.33625922687496,18.51709895552287,10.04238445769812
510.1362952931424,-1271.252642929575,1593.9819742296834
420.92797138732266,-753.5677262682947,770.2019045228243
266.4654593534549,-572.7143080972902,589.297073131366
202.75111712113892,-498.3840666306672,617.147961769144
300.015277079724,-677.722062110862,659.4607714549649
89.17056670510568,-239.2529982203673,203.2701845329394
101.99885769643366,-534.6197424927991,526.2125409656784
239.62646662685063,-587.5728504132175,565.9052575415938
23.606478781375106,40.42696864295897,-4.483569484874612
112.83173122797493,-417.6012755393552,348.6267984134345
-32.861354546511066,19.80316357492204,-12.545442160536942
15.03678470513069,-56.96743551915417,66.415833942988
149.05249298171853,238.56749204955483,99.01251453286265
144.44408386523628,590.8359871240336,240.57416773315737
6.920385493601522,-29.333409542723995,-36.14906289599743
-5.334096560353229,0.21139670313271833,6.006999199370054
17.772865475514077,-26.71607232904114,24.01046822427089
-153.4316611819742,709.9720877866873,-8.529575297293313
137.05680309824245,-293.6286100310593,342.8934639501279
1125.5093156883636,-2026.19564373564,2569.608813361565
3.9064236419513976,-53.10927004217207,-10.744200089222415
-45.42811863917155,13.048034356831776,-33.23618703790031
283.4962808965972,246.78792194482014,-218.4871181922518
30.999532837587513,-29.617586138922448,-100.79990117135455
10.45980976044312,27.828967749874597,-1.2844220497090255
18.535076273549155,142.99981232507795,68.26096242748265
-25.55891616662405,-29.874033999382178,-40.60256421694622
7.446401090881976,-15.736373836198537,-26.125919587281857
188.0462584710607,-655.5045810848719,532.975957239894
149.45201752116898,-513.639876417567,421.83710936521294
58.10164769417151,-254.50428773158598,240.60394099528062
134.3856715115815,-389.3515636547111,382.51829842245814
335.39596221688663,-753.9654071134477,875.3047897760312
97.80137168478335,-254.49063025195196,211.2489304388051
96.15854686137043,-203.21799309201765,184.51458424244495
239.19465540110926,-440.66512491882435,537.9291130519164
201.64658379139868,-675.1152511118753,569.4557936577763
-35.253403762979964,-6.099120721575513,-22.99174912784929
72.6242933371199,-205.01212972095914,220.33025643465444
29.595430535468495,15.137017355845346,-29.40410007378386
-545.8358190670531,-131.57227809830408,-593.4824229944994
34.30917860253355,18.454303915554117,-0.9034163059286973
-42.83146906916344,-25.319050058054117,18.980823727516295
-53.39591524557733,-62.3451162350496,-7.473943185178605
24.979154703181013,-44.32212076270759,-39.385456369331486
24.921602191587933,16.23748898224676,-31.693278794653843
0.4698761111506805,-34.56998648783758,-18.819262407461597
35.3246692443292,-25.741609253053415,-74.77868298286522
-91.74316785493984,-39.98001470749856,-24.16836330678048
-101.08545007519062,-52.285274429740916,-24.782545004555598
-570.2496529433108,-5988.035194786585,-3084.7771133933197
-505.57228964938264,-5239.585651038459,-2816.3875559607495
184.02368721355916,-397.62374516438126,503.7119619800361
-365.7480173945752,-172.39734380497143,-78.66448722217699
-227.0689245878286,-93.56081957722348,-31.78301898129311
-304.9204481129795,-4086.0717088833785,-1955.1576688813234
-32.95701457470643,-2643.303905715714,-1599.9869678276677
190.44755982001647,-378.7625725732202,390.19634203477284
-14.090843268724608,-3429.919480469724,-1856.1933642889353
-125.63044487711161,-5445.9461436258935,-2292.157846232725
-121.25633740377047,-6694.824076134017,-4154.398571424717
89.65883714440677,-361.29978418958643,429.902491086608
113.38767160251058,-384.4226724625941,482.7651829308721
-15.431884212284388,-7.562344357793166,-14.593404939314256
15.369370439741623,35.53361190795466,-7.211113774643921
392.8279449336501,-856.7233061539579,904.0582185190494
-175.78048937345457,-74.24494664092089,-40.890581493977855
433.86526352905634,-5792.703257747585,-2878.4785739663553
-22.293150826594072,-742.5968116228557,-433.18932442269585
-60.70008447547228,-4911.401804445053,-3286.722959885507
481.12112673056873,193.1276269496416,419.34363990205946
140.7537762341452,-389.6969080648777,436.9675380351526
58.48657519175052,-64.18566239755295,-245.0142119835645
213.80397896292612,-1009.282314172081,985.9991862466567
153.5986587117484,-661.6907252896395,775.9981650800615
251.32328501693772,-501.0749825076428,537.620484707624
-145.33961582885954,-4101.662155672473,-2300.49319859785
-652.046014077686,-6231.745785153056,-3075.8056610833737
-369.9973896298131,-4967.673327691979,-2623.39925306935
222.34691280570374,-714.5213268068796,932.3824405810682
97.44768179156308,-258.91234413992476,275.427317529361
304.0587706219041,-737.8709984731497,767.1659883103092
-58.73951285716757,-5018.50003628478,-3130.24472772321
185.50694134893178,-4426.831043578617,-2464.4784613219936
-172.62740112430015,-6308.359651972893,-4034.2159438658596
425.55406138291676,-822.6522857426007,962.3311110023304
203.0546549433344,-589.6819393693027,627.0314700009096
2.9863970696802093,-2703.4805265917853,-1496.4237781362424
-70.4930992172763,-5360.249195998612,-2847.3951744987867
67.74672498937011,-264.12111500496286,279.60916037524566
173.49076105285494,-321.06684531071267,381.5701202879074
-205.76851961492127,-1142.6945356301658,-303.16417099723935
212.8350558414651,-6255.374351013595,-3351.8641034036887
-235.91298998213486,-5572.822034036158,-3117.707433053781
121.95075303784697,-5902.850410129271,-3373.645661516662
-128.62015461003205,-6784.737063202725,-3680.9237752269946
178.7537036746878,-5252.327983751972,-2681.622244932816
568.0892504107748,-1077.6221219951613,1019.3387532387701
124.42058396333697,-340.8955901612814,385.2717621612229
71.88186018829315,-161.84721722075983,197.13149540032123
185.75995306829168,-3317.8846641670343,-1694.1176450061753
331.64717765750567,-5450.091529108429,-2958.143416721433
43.00265866582591,-238.84020731278682,232.51368737873366
332.19573984872403,-629.8461550929098,789.3669358676211
-9.65716263168056,-0.7578517074023771,2.8591730788568723
189.5977725509203,-2711.0061343745056,-1552.8678063594248
-385.71220816129374,-4203.345123782308,-2826.5731660176125
-473.64287550137107,49.68441226729247,-20.96749564078552
143.52724564629062,-6721.191823718368,-3458.1180428867
-54.753120664515336,-2808.7982603882924,-1573.5483558560254
-85.25996908979192,-4856.407738594835,-2726.3408837097054
184.59550724544255,-361.8893446970626,458.8365887149022
-104.64405336254902,-242.31627315630365,-74.65209882846979
159.54224483165166,-64.91691820697525,-40.60390461010129
-287.66280754475446,-2970.8922089706834,-1586.0168951914616
54.264071653761604,-5783.757918398572,-3261.104069466256
443.8469227343795,-240.72191349920172,-95.51146878519101
63.283448385719524,-31.94941420755015,-13.685031684521817
-62.72044202861717,-2884.246698835941,-1602.244402831762
-330.16312653137425,-2865.5984830066723,-1910.742694364912
-234.09968864094648,259.90400802539034,106.28598191459564
152.42253483589096,191.98637078201423,82.66666141288496
-95.69366502454865,-6203.573766924179,-3326.877701509979
-37.58275213603645,-5983.479715885159,-3632.706707997873
-282.2909817613517,-4546.716583008519,-2248.1281358969622
248.6157425827587,-624.0462038895455,785.9820563162187
-455.0019405090189,-60.61937153426621,402.82916621418804
-118.723795832467,-6831.004244950273,-4388.357969192404
-72.92098598789127,-6316.561316815471,-3454.813404615791
151.9948652590917,-345.5340308806011,305.0202543475995
466.851519740695,-1198.916688871755,1395.7218416506173
-891.8443890507406,-8.502500191864765,-637.3176675012224
-0.7380367855677517,18.138546454597762,-13.105060945205402
-57.47616982131856,-103.21849417697516,-68.58701062525394
-20.674505234337513,-6092.878580606962,-3343.4866781272226
-81.8843753801972,25.818488101164377,-84.51378802162985
-259.06106565324313,78.70365558965025,-497.56295836851814
259.7820814955497,-578.2540738350119,524.7843917525104
-259.64753868648415,-114.29198212021956,-89.4658589691181
55.82319538102611,-83.04599133031245,54.691090740791175
-18.525842071912823,-169.3788443546554,146.5319849780517
-417.15098318818946,-6884.359350597058,-4689.0490922011
51.17682530433931,-90.40637382845652,152.0124814709585
-92.95343369073623,-40.47222620779486,0.8826476573254203
-745.2120159589513,-4910.985945475854,-2896.4419715590752
210.2478630028772,-4883.266697732166,-2477.8826031357326
38.06331642560589,122.16225704222657,-229.94098791218835
303.03832459253516,-594.6225315873797,744.7092175854714
264.2467361816009,-584.7827753938446,766.9437841328682
258.4892260995842,-585.1519400979824,768.6224866538873
212.2939567688836,-657.772023962649,722.6805936314408
285.0694968184749,-731.8465992590977,618.9797550296415
315.7410764079013,-715.3333408965832,623.3825343001781
211.27220794799607,-740.6949584238193,637.7578166626538
324.78246850442645,-692.904663971536,643.738669646825
334.4380402268605,-685.4873339973271,646.7289325354585
289.05853238481325,-680.715944170253,673.1054658877306
292.6503426892771,-683.4866021538345,668.7315168287305
252.88772875897635,-698.6796014406862,669.2492892590998
271.78684284010575,-687.023725788586,673.8919143769107
265.6238186622177,-687.6764858353398,675.6811657789931
328.5897313218536,-653.8091686176773,681.5881157277418
188.6009144436263,-695.727138314897,693.1042086751401
220.90376935955697,-685.8793385130474,693.3765626870037
228.5689271094402,-674.2449658996366,702.2463752266988
178.24977317194507,-676.5877673377521,714.4620433956347
254.7062827013311,-656.398787766847,710.1164277572258
283.5478376650077,-636.1711655462537,717.5561802974172
310.5903443807952,-723.8271986005367,616.1232218830243
203.74046351394594,-642.785476203024,738.4555877705673
135.35972120853955,-662.2856011952409,736.9230138378125
212.76615779940846,-614.6668820186825,759.5493310145881
181.5296010676564,-632.2692240581772,753.1816728021786
305.6825074882023,-604.5815354924391,735.5537856318392
137.65517415910332,-647.5994479690708,749.4437991052977
302.4312095887257,-625.5346118124844,719.195253662943
301.46985552261043,-732.3362074555097,610.5731778098815
290.6260229595028,-732.134001980261,616.0489574076964
238.4418420409125,-738.7538364215649,630.3873865620698
315.26190227247724,-714.6454386647601,624.4131884987628
297.0724940570683,-598.9134106300112,743.6737590114639
280.07496868974533,-728.3975670512074,625.2959269236607
287.8262243396402,-744.2752407537536,602.6694206472811
356.3214258580226,-622.5168856034425,696.783875109848
257.6934435167538,-699.818065273946,666.2197570507112
299.17312246443794,-722.9918690574722,622.7183954819878
196.3303799636387,-602.8712447490964,773.3050136640835
297.28695660222417,-652.8082524952314,696.7509245837493
315.9765608261663,-711.2114354752376,627.962663745003
320.07623936300206,-640.6119761087277,697.9738512733188
285.01486589723834,-617.7189451609368,732.93235090753
264.9818224182555,-634.7959515725092,725.822797695865
329.3565521546537,-591.668646361839,735.8345428594312
237.17775684034288,-746.9154621130476,621.1795264789688
270.68193666507653,-736.364508616032,620.0795107193217
296.77753936785064,-735.3800156559331,609.2120523271378
148.5780478650325,-723.4689924515591,674.1788936578646
280.50724486366045,-688.0969041940634,669.2072444449061
193.2805524384333,-631.3140726407539,751.056036348047
280.97500448831414,-687.5342155932404,669.5892391917446
272.00817396244787,-693.1018562557732,667.5487773581913
227.87153621928096,-673.1837943055831,703.4899729672081
260.6442118582792,-663.5436195557398,701.2663258503463
283.8101441717007,-600.5718401123625,747.5060313664964
234.33175594711702,-625.0066225988105,744.6175863235901
240.54042708096006,-664.8619106439018,707.1767407902
337.45684422702914,-697.8811575116997,631.7315634622548
320.5567783800752,-703.1238103523401,634.7127375042933
157.66246334966013,-635.3342848210466,755.9714903231777
291.6378946249983,-646.944703851066,704.5636157067399
163.95087972355122,-680.0000265721902,714.6468168960763
330.1662339222471,-692.8831255511753,641.0173416562411
344.11160952996056,-603.8378368409998,719.0042190320457
311.2635606059199,-711.8184193868909,629.6265033021348
245.25796284719357,-740.9685711956885,625.1512682225516
292.2888459554126,-713.5207665143936,636.7537563947035
304.8564799284798,-631.7277137601608,712.7289964025435
320.89268723080505,-669.088679916916,670.3344103422049
275.69436602025746,-678.2774320374529,681.1257899487927
353.09168031908496,-651.4108027445841,671.5580625359967
227.5038903414625,-621.2568723314305,749.8545715406879
198.29905534046114,-623.2133381102639,756.4936350376931
264.623910587697,-688.6254938611886,675.106743522614
273.52212583585384,-607.7610510239151,745.5281024458712
331.9473419395791,-639.8541494175738,693.107228105696
337.30316996649583,-641.8071615271987,688.7017779438017
326.70270868633804,-700.9282430036616,634.0070490907888
292.72679969659737,-671.6576817613014,680.5784152251836
374.5134044396461,-611.8860174921768,696.6600401146815
369.0213319670725,-612.0785104556743,699.4162949142741
271.1339719691507,-683.0609629262262,678.1696617886474
243.18785378388063,-658.8481308787391,711.8839850773312
312.53561551654315,-590.2658498545117,744.2497668990072
176.79517682445308,-614.4205233979526,768.9153957874665
299.1086363621622,-610.8750998314565,733.0522737564327
271.85973661745675,-580.7744653020433,767.3286805922302
345.2397259952006,-682.0924779401471,644.6389556427914
319.5131490203792,-603.0259117304271,730.9385045164662
312.3785212452653,-580.2723905449121,752.1327091916122
318.3278953450701,-669.3607182473488,671.2850213676539
355.0207220739883,-673.4951826556797,648.3552466338623
309.21092696318163,-706.8840011975155,636.1631956483815
263.53297693529913,-719.026551874769,643.0794568066215
265.1526520339296,-719.074373228896,642.3598032916165
283.45439822902046,-566.7485721230214,773.5952818632882
325.60852362018915,-648.2091704975871,688.3341925465498
137.8317550941761,-670.3430362635589,729.1382729089264
313.41297298459375,-698.3179802989404,643.524907642406
276.438017988202,-707.6692738128837,650.2201328103433
179.27882500435007,-619.1228928440894,764.5560453370477
177.58453663394238,-669.7690206962556,721.0223236933006
255.30446716106485,-713.8482890446098,652.104477270083
275.08411506566466,-706.1004199824189,652.4959207069359
136.054204527095,-671.0216319451724,728.8478736280548
312.66721958844875,-690.3959383235269,652.3746302096714
341.65808094004075,-694.7926656556343,632.8766921600974
131.25895052755016,-717.980251473545,683.5754869803272
321.29095466828386,-680.0885422819498,658.977766776054
219.96160285863678,-691.1477481057922,688.4269631240135
362.2375758392652,-666.7783664543866,651.2991238121792
363.0566483140534,-672.3329165300167,645.103340144203
210.02117137747138,-698.1824813485113,684.4211644238294
311.9233657714898,-694.0318080963225,648.863362532001
349.960695506623,-629.8969871099215,693.3666398308791
258.68038859825225,-678.0447089881784,687.996968865266
349.38978469651596,-632.2420584385825,691.5177205907786
186.14698351216316,-733.8154305871006,653.3484631967773
255.98960759246097,-677.3245542500935,689.7106415117648
171.0948818473719,-669.1460820096277,723.1666905608959
288.7790967568243,-589.7384947611741,754.1983433243123
337.3325419467069,-614.8714500650074,712.8392918735109
288.1741748541998,-574.8822258190488,765.8107281727235
197.79294507488964,-737.4993121372264,645.7342452400364
327.61364504224304,-712.3578181199518,620.6574244666027
295.6243328138565,-578.23281026981,760.4295305785015
289.4038191533472,-631.7151012684925,719.1532940123371
297.36424066964014,-731.0292669628195,614.1422630097779
247.5219096522074,-674.7676382438708,695.2852210574544
315.45954522075135,-602.2387856181882,733.3442032403656
294.29089082491373,-722.3567124068164,625.7744414869422
305.87624121694626,-728.5764900147626,612.8752101829222
358.0142214063352,-664.4394293176703,656.007669192079
260.1082809692057,-619.3071181381795,740.8119704720137
215.20789836651693,-650.2214664558571,728.6272058060018
199.71660483058088,-746.9338749595474,634.1948156464706
220.9388394324525,-739.4494381247357,635.9249623086466
226.10568396957382,-643.7821163599705,731.0409060591129
206.55456167791627,-636.8322407039885,742.8188946506282
210.58895035965895,-610.5646622760426,763.4547053795393
153.76494480722835,-648.233885443242,745.7540958731556
262.3888395213829,-659.9141931545597,704.0350520874571
335.03819889248234,-689.9103890138133,641.6954576851002
329.43583853026684,-671.2815363429261,663.9677155230823
250.73512674602733,-613.1857794204421,749.0895114285063
271.84329274997566,-684.1795934447357,676.756609203521
361.4357548543392,-619.9575519192274,696.4314962228465
261.0267576918076,-702.8137743386325,661.7536024600003
234.42416004185546,-742.1599545862732,627.8884574485912
282.6488622052631,-630.285123210806,723.083870759962
215.36696430281592,-755.6271246876123,618.5828312548946
159.71172257063108,-652.4980284910797,740.7688495669726
355.45837819505977,-666.4213451414702,655.3868568340162
204.93150912421288,-728.0528637245739,654.172839691866
351.5846303580161,-673.7160362663441,649.9961155065339
278.1101770652597,-588.6513330087718,759.0417232008568
181.64253000410488,-634.7998198332969,751.022756002321
322.57387459021805,-659.4381199767754,679.0342122112479
287.88758805386647,-671.5700256037376,682.7257409495577
276.412967568971,-731.3898739911178,623.4298064601755
285.97826764136187,-630.8833441336618,721.2507445622315
221.18920001524708,-655.640477136522,721.9493767133599
217.71588101355272,-705.3654543872877,674.5808853736575
259.38844141812,-730.6604342116206,631.5480712791107
253.37173557711068,-617.3338583285902,744.7829690398263
220.69812988046104,-661.2824884946875,716.9364029518522
297.5868293094853,-631.0502973232915,716.3920723107652
288.97102479526814,-643.311877427921,708.9750173235556
300.74127797960824,-577.0933538526369,759.2877877710843
229.25465037717115,-738.7221544388029,633.8232275814247
313.17838590843814,-607.2095677957517,730.2162962965712
291.4582481266862,-731.3186143279449,616.6240134282621
185.59512224363237,-725.366473279835,662.8709754099555
184.64630623354705,-682.5148504610655,707.1627963166732
326.0044252260036,-684.0591178000619,652.521446458018
195.29163151886547,-677.8459490483839,708.7919638493338
244.42565627728249,-683.486464107492,687.8243612545704
290.11920276650534,-685.0012274995231,668.2844951891927
276.5738041210875,-698.3857860983208,660.1244008895753
184.23651833799252,-677.7528558200072,711.8342305189594
256.5177542804027,-622.9823452624861,738.9801345301452
133.62132457695554,-707.8168545568917,693.6430220390657
333.4446436007662,-692.6868327902584,639.5307821621712
175.9542152215525,-669.3200464377614,721.8384788734392
173.13139041739433,-630.045280246303,757.0128575470151
260.7051664907362,-651.4849069264501,712.4606881871252
298.16558121925914,-639.5390879144088,708.5810053944343
321.35909361527746,-641.655363052945,696.4242442765478
290.39150314933556,-679.5952797293727,673.6638855306295
146.53725059217993,-714.3580383745399,684.2656115855626
336.10683859586294,-621.1161696633718,707.9879213883497
228.92282866930682,-587.5287329958893,776.147103594601
144.18597881810186,-724.2026707375302,674.3447895616116
273.31476122350205,-741.6364536192414,612.5964511490537
330.77015018894207,-624.5215704699206,707.5054174787418
311.55487432268643,-638.6285372127684,703.624297294554
270.0852394099801,-643.7099962770734,716.0247231386804
175.7064719961533,-668.8077205343981,722.373496643009
315.0434015120903,-661.8790505624061,680.1939264579623
225.71292989946573,-705.0299412931076,672.2993791135286
185.4337424577201,-737.1654941158544,649.7702374247779
251.23149186186572,-733.6241881808554,631.4097623673887
253.13262631831768,-699.864188378329,667.9176530970967
277.65103146459046,-676.1698825344886,682.4252301021297
368.3939137281913,-656.677809292744,658.073080372164
232.03056817685467,-587.524491920114,775.2269260194319
289.2711792405294,-735.9562235325474,612.1197774165647
249.8172480843077,-656.806859509301,711.4745897508307
322.36425677877054,-717.7750860456371,617.1549333867868
294.1333620400211,-646.3588172494169,704.0638072639217
328.45691069709636,-701.055875941125,632.9587005672182
269.57097660943606,-713.9758097221271,646.1965890512482
209.05971669587205,-594.5245033931877,776.4242717227002
326.619575291166,-702.354389493545,632.4697341341861
223.51950089833664,-762.1889772160946,607.541764596017
297.93900104680506,-733.980756956853,610.3315493010966
266.08900167296076,-635.9992858086172,724.3628590973007
215.7920806451619,-657.0317154642801,722.3178682580802
351.0628356851877,-631.7293178654763,691.1388820996073
240.55844353545493,-632.068969836758,736.6277571564209
296.5110703225478,-653.7311491293541,696.2160367545345
296.55575917549373,-576.0413541969671,761.7289806451969
294.38327341890914,-584.7298437335236,755.92955900569
277.9195367835685,-692.1147077465473,666.1365943970636
353.9244854411639,-655.8382736550685,666.7935343225419
246.81978351265752,-635.3038640740435,731.7574699033513
183.11024375966946,-715.5341040149301,674.1524935960897
158.94663995908198,-667.2785644822101,727.6505225919094
179.32504492211936,-665.639508702503,724.4077392725525
230.0150056552929,-623.3539608574474,747.3439212683325
296.49747500878425,-679.7438091331685,670.8484189878858
216.72799808227802,-581.7311185188437,783.9756887774411
264.4250466127585,-705.731910818695,657.283701894421
194.25672803826234,-720.0113948601113,666.2191192719295
227.6642230959321,-735.8065878356219,637.7755614789774
320.22566398068363,-683.5731853710184,655.8835448232023
271.17438315801263,-564.0133666296567,779.9701123645391
355.30388126872623,-623.8978661982655,696.0679596911712
307.3133708327269,-584.1739419903511,751.1985740181359
212.13212418218552,-753.2309759509129,622.6098768554745
217.8535246985899,-638.7942403592584,737.8900732902149
228.447587622285,-705.2410633633934,671.1532926654153
205.40818957387606,-722.2491966856369,660.4268116475397
322.05024542459006,-694.9666360119901,642.888026216183
291.809903435992,-645.1923002548191,706.0976391042335
308.79591732140335,-649.1623250288842,695.149881111064
269.6479376191918,-614.7543522681262,741.1930086725812
341.91820597376966,-692.8975922782009,634.810890768858
294.05314881818435,-714.1681982251404,635.2137674153225
239.54041880835322,-626.3494646072089,741.82662121508
334.5809633013855,-649.0106338474892,683.2574742724715
275.19574448268116,-736.8256852617582,617.5396438749202
350.5266397389075,-670.7564974851089,653.6182340746464
201.1995334903506,-675.7658840303119,709.1256713051619
286.50989333104377,-621.2686739256628,729.3403292168084
281.6191038932513,-594.6353375481098,753.060087683186
346.42029970072304,-655.8995255422847,670.662946903038
355.7021665830533,-621.3047063883382,698.1808007298845
269.4048703015648,-717.6252411429616,642.2110471895536
236.98264202848017,-735.9810006436504,634.1696887023
300.72266895602496,-658.6768068404349,689.7178702240891
333.9447838668321,-689.3398626941264,642.877465018784
322.2081861704152,-695.9884520530745,641.7023915909433
211.29736061628267,-643.5013877608778,735.7033297100244
251.94049600801992,-727.1535539691396,638.5716055551502
337.6082840518452,-702.4665144450993,626.5472389396681
331.92738080168294,-618.6459932727519,712.1104892372425
347.2005203573072,-654.5107396443249,671.615582274454
316.73798258766413,-693.6146863451107,646.9742786793539
164.45035195274218,-639.7538113259103,750.7803557876236
318.7906616696178,-633.1948029152899,705.2920356797704
149.64906482677878,-723.1625331086664,674.2707973094546
257.7708674413127,-711.4082828814632,653.7984666135286
322.31650591268084,-632.4851517351628,704.325636939895
201.13781444739337,-629.2752993461356,750.7037879431257
156.6868981705478,-661.0113543162119,733.8345899497651
312.9388212429054,-591.421925493106,743.1617591111157
202.177728005722,-698.2632676400282,686.69685841943
220.52597292641897,-717.2776351000726,660.9698097871818
288.43322373863924,-726.1217442657537,624.1422017042235
273.82424197224134,-588.0723125701161,761.0461482044063
287.01413100178587,-566.7343901540879,772.2920559101743
297.8035985601159,-652.2508874026981,697.0522193975413
280.1079024339183,-567.2377291108102,774.4552418747526
328.84368498846106,-659.2532209829775,676.2004299516374
296.81851334009133,-732.5613586229282,612.5786692263351
362.2211742802454,-660.0136296711818,658.1624644047334
340.4619791938162,-625.0516918684425,702.4215423916235
243.7458817628506,-665.4363629985135,705.5369529110158
240.28891154164896,-669.6377998358711,702.7420978005398
279.11388385836204,-683.0141716565555,674.9719113813627
229.61127417351577,-751.957227225914,617.9312188222324
230.1990496191108,-699.7131341929203,676.320876058383
291.6056966833573,-633.5077674526189,716.6826537868852
224.46450095748165,-707.5062191622675,670.1124067323499
280.17176241140726,-689.2274310019666,668.1836064299358
339.1928468448659,-677.7308869875582,652.4025271811361
370.76945835646086,-615.8915048614458,695.131399801189
249.78984746683426,-702.7323327760633,666.1623680256996
333.3148701793637,-699.9849916140108,631.6028885561299
290.0553622690942,-646.4148273237134,705.702315310782
272.7494658100279,-629.3586999526811,727.6780577248537
278.6029235169128,-673.2792361313973,684.8908534957606
248.66279834241902,-732.2090631665966,634.06364076267
361.5347394018976,-667.350253479458,651.1038867849778
318.1394707984745,-615.6005038717661,720.9877230250833
353.33970491058443,-681.8445901972901,640.4990302509369
249.0378441404203,-657.8623050095779,710.7723544380275
291.2873904933024,-619.0261882553236,729.3546698237333
299.42039753032753,-639.4767796402034,708.1079535238786
257.38739682675066,-698.7804390041567,667.4261202709306
301.73873169581066,-717.5549514112225,627.7488586208991
280.1549847455736,-744.6306662300209,605.8369049769441
365.00456052197933,-671.1462142030048,645.2398235998232
358.73923933897726,-628.758335583063,689.9051482583011
308.67412579747565,-627.415352227149,714.8917819172678
271.5504839979964,-735.6632921627985,620.5319131234485
349.33677806002873,-684.4533792958175,639.912015096743
354.0831033732954,-680.8512863358495,641.1448212380375
278.2204862408805,-673.6648587428115,684.6670863499398
200.1530702084837,-621.1154605491075,757.7297230233138
320.88291757841495,-636.9729424980391,700.9276879477327
226.1842581965249,-750.9832093827398,620.3748065236755
193.14672435467904,-684.9152612733003,702.5563520074276
207.44715001722633,-679.7475137875317,703.497688304233
156.79659725070525,-661.4365894782386,733.4278868368698
276.29987924193506,-586.8299964565556,761.110328395096
219.29121785493837,-591.2821902991525,776.0777881158143
215.28398097996455,-575.9790632042732,788.6069529770493
197.66586028395855,-653.9018885255919,730.3016690798856
226.91847241601084,-699.261432936357,677.8948703775363
371.421464775253,-614.5504382131328,695.9697223272375
243.48269219586052,-655.0610969924929,715.269975469436
360.2967780732376,-601.8265804079472,712.7348727433791
223.18026456040127,-584.8093383602267,779.8644800716489
230.0340687825696,-735.3324393127414,637.4719843990868
277.64592504540605,-622.9304441810903,731.3483451940193
205.11931903701367,-643.06513902077,737.8301240353294
206.18559629458,-700.7463974938945,682.9655820610416
178.46093756002173,-644.1619905214393,743.7788809401993
346.7362482485898,-630.2840054435528,694.6337499952934
217.99871440546485,-606.1612745329433,764.8823895045318
184.16581776785787,-615.5389294088731,766.2863550579996
287.8685842314018,-574.3947135401614,766.2913227159264
199.44470911094558,-720.3171184532224,664.3531115836641
147.1480520152115,-702.1946520668009,696.6133227242449
202.10993068228902,-708.4226463867346,676.2314174940528
273.3398968588985,-565.0239833330412,778.4813414871483
136.1105988568155,-671.5736096135786,728.328766251497
364.8038825763381,-672.6349915969665,643.8014409245899
318.6989469646745,-686.6615809525673,653.3963991692397
235.88353582703022,-677.6458957486134,696.5306866899675
282.0132372507352,-684.603686623208,672.1505235267416
263.70982549023995,-710.9494592884037,651.9263718223351
217.26603256778685,-757.3604404336076,615.7926878085394
230.2339523245663,-625.7026278872273,745.311041547103
298.90285417477367,-607.8942648561612,735.609710730603
162.54908473571132,-710.7131914492068,684.4447052550452
269.1903560910115,-683.4767798330414,678.5249027240272
312.815376538574,-603.6576358890399,733.3103018735559
296.408379093336,-738.5302364016043,605.5701137967853
195.56228133635219,-675.241616065726,711.1990959298727
273.30998690683055,-627.3123203903618,729.2330928745953
326.4700415941154,-645.0917941764236,690.8501205238219
339.2663723122105,-630.5568263314852,698.0661984259643
220.30555464984218,-653.1969782015184,724.4302383658696
295.8316108608958,-686.713377356771,664.009333800892
235.23629121401098,-616.0094034428304,751.7953858370543
176.70272427475942,-694.8236358270984,697.1343215836458
326.9407553471765,-662.9836865458235,673.4703956872395
321.3316715201972,-709.4464040500318,627.2413862768584
352.2919833953866,-597.1773293207619,720.603632922196
304.5002388908536,-606.9532901603936,734.089441470783
280.0928491128671,-740.5698355181902,610.8226539646327
310.0029294036002,-658.8494537517274,685.4309455023437
339.92904479689855,-644.0702677165302,685.289526220141
142.2173042628971,-712.3569955464633,687.2566836810033
326.71639360655143,-645.646819578706,690.2148814076895
329.4735766543761,-643.373428717635,691.0266228639003
289.4941339488253,-736.6235279206011,611.2110310874855
306.1606251588453,-643.7769847080651,701.2965603527061
212.92132370473917,-642.7641482649261,735.8795822803387
206.95856384342056,-584.4112366783122,784.6219849685546
245.17322630539016,-632.1826723776088,735.0069100685454
279.96255058687353,-722.6123789423793,632.0224047200602
373.5888070003936,-665.7418540243692,645.9250630562481
142.62663028148268,-650.3037436066021,746.1653204121644
304.1084474586818,-604.8269525520429,736.00435436951
166.43957633570383,-737.3103026259026,654.7300092945881
260.7732107409361,-641.1063276002183,721.7894494039276
290.8199784023522,-605.0655232078461,741.1608818517548
287.504595481161,-747.6607606498379,598.6188224251888
164.96388930734796,-634.8097859031244,754.8532645131916
273.96194820720757,-716.410601074335,641.6390742487722
257.24620901571814,-714.1736983331749,650.9841139045997
231.62532726728102,-621.3356046248796,748.5264018014063
353.99311273909046,-657.6004194863957,665.0192210941018
297.9987305395774,-628.6751805784539,718.3065320052775
316.62456751022086,-608.4333900425988,727.7071479175097
229.2507633877101,-754.6283994835318,614.8008345627675
188.93283476403067,-600.644789492778,776.8720749281723
273.1287454750173,-562.9795006637532,780.0351083301534
226.33193208298292,-754.3342594128094,616.2415773020451
273.0660584793941,-741.0042510952346,613.471782207885
293.1464800265439,-733.6317417227351,613.0657458910204
328.2736766684106,-697.8260280980078,636.6123056582886
150.30827789076693,-718.0338233332343,679.5843215870784
302.12169433215945,-674.2043594465717,673.922075255814
273.1013333089895,-736.8186644119678,618.4770953875465
239.4289487387103,-747.5700207635267,619.5263049794547
301.87369780342755,-593.4305818450703,746.1316338994791
225.93998018440652,-701.2758113295268,676.1385670100352
259.7680992779268,-582.508319694922,770.197761671463
267.94690765044,-684.2112955287788,678.2767560158587
164.8766223900008,-706.9197625789905,687.8082208468642
266.6167685394667,-738.8220089313785,618.9164223481021
277.0118626646386,-733.6172103549623,620.5402618799769
174.60879457602383,-694.746953688336,697.7380878219885
204.11487575056464,-726.648613234541,655.9869742469359
215.74371387441715,-684.0955163562661,696.7553189068077
273.28351057702287,-737.8309541348748,617.1884687574118
290.0697767966374,-666.0803920196047,687.1655084156645
368.8743743434845,-615.230505524528,696.7231308236699
323.42177104267836,-716.1831717902309,618.4496927480051
329.26318686998417,-643.9074491697352,690.6293873532654
201.77727775540902,-658.3592465215974,725.1544888512593
332.7327519272139,-671.5625688384115,662.0367300460731
293.11003122333,-720.444419034353,628.5271264460367
249.57002787716897,-655.8289162227973,712.4627946997795
274.88560839080253,-575.547373217814,770.1838244741917
324.3112379855759,-666.0399568157951,671.723899262991
246.44732885616992,-625.603927869762,740.1914884228165
218.64595762591185,-713.2722099164856,665.9104292430783
306.29130816037167,-719.6876843392182,623.0852843358299
212.40729761584086,-661.3721781995964,719.3538641190835
370.1007448679068,-668.0912988371049,645.5071301437117
358.3097490641561,-629.0465885206255,689.8655761785366
152.94099291108571,-675.3203982654524,721.4924894785545
232.6004458199969,-688.7408860328063,686.6826228404818
263.05068281924315,-581.5512681666166,769.8067684569484
231.392594254768,-722.4724339070685,651.5297764250264
318.43178558698594,-701.2871722989561,637.8067888450375
308.03671956340895,-725.1650086695824,615.8320303474464
140.3579196408995,-714.323999283026,685.5952730601214
280.45306153655383,-626.2309738532092,727.4481752411199
300.93747947834476,-737.251534233278,604.8940475123709
230.8645644941928,-618.8476673971624,750.8189644767891
253.9749117407678,-583.9066562739572,771.0705291769592
303.85271681226004,-719.0501759486838,625.0122966422142
296.9001693658646,-652.9859792100168,696.7493095695585
240.25670436911798,-694.4812120338522,678.2127705504238
152.81398196680487,-708.9705699059825,688.4828377836554
328.5947128485829,-700.9261284462856,633.0308658740572
361.8175149524312,-672.1535222204651,645.9858577711047
220.2223483173178,-654.4972510719494,723.2810419476426
159.03385561567325,-709.3727579023424,686.657500588203
283.97168123918925,-627.0258749958183,725.3955033910238
229.1559398573448,-690.0646651394034,686.511699211412
163.48188735564875,-638.889637446087,751.72714708905
239.9843379312121,-714.4480176453278,657.2454241988902
352.97601865169815,-597.7445385170963,719.7981640222346
289.17007641849466,-732.4723293740475,616.3318534730124
149.62858691745032,-652.5815066637449,742.7978615596329
360.6413793641498,-677.3249532695631,641.2243781771773
162.1696166691202,-664.0239731163755,729.9131308286854
300.2962127697547,-684.7019312261266,664.0824120328401
199.82960453103104,-583.3382165962663,787.2640308125726
148.3565560457544,-700.6265788410487,697.9346167799177
180.53775185407488,-727.2088700418363,662.2487293215081
331.1398378405294,-705.4905755397793,626.6015126214576
238.11552844780707,-622.8224013014272,745.2471077093459
329.64064901325645,-708.53578452899,623.9503862968655
236.6564382178855,-724.2379068013946,647.6674954032807
313.29926021913445,-584.7071138133584,748.3055289132878
349.4725843176217,-681.1433443475574,643.360441169169
187.02185032481387,-667.1362623190785,721.0769965822045
333.48334018934486,-703.1997087581319,627.9323462114659
233.48702139716522,-644.247088033359,728.305911276036
215.57691166327845,-577.1986262414936,787.6346494553522
194.59907081849332,-685.2715473829671,701.807742892548
283.2876478075806,-638.1223568113752,715.924553523026
229.9065118058962,-700.749480758356,675.3466969239872
317.8055073118624,-693.0235174804704,647.0842787004223
279.38907795316635,-680.679137154375,677.213153566331
199.2285072723543,-678.9591324901294,706.6275527449241
308.8825117297079,-723.081278989764,617.855207894272
368.1190332169868,-614.4773670984628,697.7864592460446
300.7626791193573,-690.7979376241612,657.5256802765593
165.7821955698562,-678.7518832824072,715.410472786514
307.4136454777308,-655.2661931865812,690.0167147546921
351.91631762428017,-673.6709352413861,649.8633520985492
252.99659138617835,-680.5883606438814,687.5988715108898
276.28487904188455,-726.7178895913194,628.9258895615209
259.8664322006597,-698.9445983101419,666.2926428442493
350.040115284499,-624.3620123464987,698.3151117011898
240.57147821455436,-747.4990899831663,619.1691807123498
257.9270266696687,-708.1698520216764,657.2435694633617
278.7309177355172,-626.3720319690316,727.9884292111399
203.3431460372815,-590.1571834250029,781.259280784253
271.17972529134863,-713.3732826596697,646.1889167869377
321.04946552210697,-681.9166480563158,657.2038692761997
274.0880650841262,-706.8216008350003,652.1341558080574
234.62184804149575,-697.6339208235561,676.948669352371
224.1818951737981,-582.1398973271433,781.5725288264853
291.9906034237157,-733.7213472923165,613.5099608317719
249.5017308097545,-632.8078165357357,733.0096545436571
150.36709565482965,-699.6789654615798,698.4547815248635
167.86274053807657,-680.7004632095408,713.0701085625193
284.5124393833597,-645.1724217237064,709.087595493884
276.5911754460819,-724.8953925502487,630.89142609864
302.41885401771486,-596.2032812388661,743.6965000419335
369.7819865656606,-611.6286825306973,699.4080619476139
282.38419841095225,-628.044839571987,725.1336731767468
337.7405593767982,-668.2770205142319,662.8251190204459
271.75569651750743,-631.6119124924317,726.0958844449798
238.96996053950303,-629.8693109087476,739.0250395859993
223.38864563241543,-741.1548920217007,633.0773562802702
353.0795928055142,-634.4794740832933,687.5831572335668
278.7716655572701,-689.0763668944116,668.9245989422303
272.92855140708474,-582.8516419915035,765.3717849872953
222.74188821644375,-657.7378347886162,719.5602767811438
331.64138713376394,-701.1138485816928,631.2316228350414
270.0425035828662,-667.4296613865536,693.984649225131
296.86371545958883,-684.8706617123081,665.450307062273
262.2311412861098,-675.3578869562963,689.2942427336171
160.4088832723506,-657.7886790664984,735.9232594905998
265.87652706296126,-734.3088119886817,624.5800517089136
359.60508786423816,-655.2467832978483,664.331117561097
312.8928495279315,-653.1352760548168,689.5740539543882
241.4698001242757,-624.8923868916265,742.429687197938
269.74257071563693,-671.4130367429397,690.2488534111039
203.8811399491707,-730.4451192822639,651.8300457095745
364.2067243448612,-656.6916429860535,660.3859083704498
254.56258198108418,-707.8677865909632,658.8786599685365
366.3649297177372,-618.2670946398798,695.3578488508485
162.30648912298494,-683.9138383791245,711.2794565162859
350.723430063192,-670.8047480300753,653.4631325675662
341.0415804976343,-675.9054268391409,653.3318409055802
189.5663625902013,-723.4625750831176,663.8271587005347
333.66019255259675,-700.3565184288784,631.0084175349359
175.37878172922024,-647.3127877264835,741.7738454306293
209.69932715893952,-659.5539755242913,721.8135116213817
268.7650692871373,-633.6267564937289,725.4532865638677
221.43694006140663,-657.9990899545156,719.7241688280798
292.0859363326821,-736.1125881383516,610.5932061372104
247.18983626007187,-652.869418538663,716.0018904910146
215.25198237198362,-682.3739524388681,698.5931384703748
204.27706503120163,-584.4035225938735,785.3301238855606
314.3277084301083,-698.7147409565009,642.6474947303278
320.2215738270281,-582.8957852966605,746.7868820079331
374.9976086588601,-610.436661851921,697.6703199701273
295.0963925622899,-717.5192183854186,630.9392128757736
316.3308929057357,-640.3125004080397,699.9533327405937
167.59305222569165,-642.7833139102121,747.4905887061605
270.24635926773533,-693.3570232963041,667.9992092422135
267.0074103251063,-630.9755503841052,728.4070961000831
204.61771842834113,-613.373474439783,762.8266973296418
291.3509066177907,-741.255391905379,604.6942146111489
236.6625700616192,-641.1811037326996,729.9846711732694
182.09419000004556,-739.1912412679914,648.4119175346128
204.2535839937527,-587.1470820918281,783.2871615293839
175.23179352351738,-725.835008443163,665.1746831147775
206.39446139221917,-622.4432762896511,754.9607235534978
256.5599787448657,-664.9104208349257,701.4778040476806
313.09725818178975,-691.0685012254992,651.4556266799665
281.85797797084336,-652.1530638117785,703.7417577599741
299.34529475423017,-706.3575339175635,641.444797926058
348.9780272247469,-653.9304291303903,671.2595104515598
181.2963729185449,-744.0738870642977,643.0285186176479
241.60815542587665,-607.2838041071899,756.8565785542236
278.10636592612644,-739.5740836817172,612.9331317343776
321.2770239092792,-649.0026116162175,689.620681261319
189.7151033948285,-676.363347779873,711.7167985399052
229.52649404128942,-736.25257953719,636.5922774099196
187.39428516762698,-630.1950162173656,753.4836583638084
231.56789803613592,-754.3466158505379,614.2780248014468
306.89763843853575,-650.9543195618194,694.3142756451567
260.5939252490756,-658.5628867445745,705.9643973501298
341.40051695762287,-693.1552568200223,634.808220617721
238.52700330442207,-604.9916415669489,759.6643879561162
198.30708306939238,-728.6772900692798,655.5178927701361
200.85600944727338,-677.4901258346516,707.5761392708666
293.8728355152414,-682.6015216545842,669.0993343152257
143.78734516192534,-665.287344281426,732.6103663682713
317.459659729226,-703.0628189944854,636.3348465958246
210.9485192966095,-648.8424277195526,731.0979593717692
299.5197357272751,-636.100855626046,711.1002948822869
204.3526718075666,-597.8587044393304,775.1160913380874
363.2506595539464,-667.8407177652932,649.6443134734276
234.27386645411923,-627.7586744260736,742.3171843487502
197.5359223334399,-751.1064348814699,629.9354592873188
221.28407936607115,-694.6054342498729,684.5119771995635
325.7651631143705,-709.2011040921728,625.2286401433563
222.1831705470704,-593.8634123114873,773.2793067471856
311.5192246119902,-637.4590787804925,704.6997201485681
255.70335822708563,-720.1501083015896,644.9803207111047
270.20651874858027,-568.6747089861896,776.9153831565224
295.8811771032126,-597.0714970143391,745.6272235434228
158.73638355072853,-634.6876988924439,756.2898157530949
240.16944519730194,-673.1596222809629,699.4102948371375
285.75456545012736,-624.6991281520473,726.701677176048
348.7253558694106,-683.1712017000074,641.6133846340183
235.76872469892922,-642.6257245884613,729.0029400153306
340.93749339242737,-699.9885995663565,627.517000627409
310.8476492035586,-655.3885908704862,688.3600322080154
219.07946202861345,-578.7277351036183,785.5433775031711
250.22993968417435,-732.1509047209541,633.5140329952785
314.22680392730746,-580.3080781112236,751.3348455731888
343.07874641707815,-666.6220925417832,661.7491665972087
356.06139957268294,-662.1590437503428,659.3676368415224
161.010417285544,-721.3351067835944,673.6106510789713
277.89880888246415,-628.5074892539667,726.4644437089696
248.9114395191129,-706.2604606866875,662.7512783444109
279.42646577458385,-590.9571962753181,756.7631349340033
234.28129626403285,-694.6040561904554,680.1745947509443
262.09901941137446,-664.0437699402862,700.249937970071
217.75606166317408,-584.807562285623,781.3977301621057
367.9913369317074,-670.9442887047511,643.7516115690044
244.00745680154398,-719.8140577402138,649.8677429329839
255.8166696535215,-732.5940931638486,630.7643983206561
356.8356464992386,-682.5740834991985,637.7781290720932
173.71970905806288,-737.692550861348,652.404140919154
148.0099809785216,-712.7789922967991,685.5940151949238
337.9353052167588,-700.9959995832968,628.0161925112046
364.56832790221824,-660.2574958038155,656.6201135553611
244.40280530358933,-705.6251055525056,665.101856239893
248.74778040250868,-632.8388279025734,733.2390876403973
350.32402899177424,-679.5185915143647,644.6142710934225
243.98443604272057,-745.3456231952939,620.4284785150779
179.56387531002696,-683.0980238202633,707.9081187106814
315.5026456902177,-617.6984887660067,720.3517595860126
239.53674823174674,-720.174328801991,651.1306185253173
219.49443663715934,-731.9295804319058,645.0591302928053
177.7486426686244,-693.1651271062375,698.5180932468788
283.57183754709763,-695.341246360135,660.3692634129004
267.6465864202726,-717.0907624773446,643.541873654882
356.73318954393727,-667.494168120288,653.6000053574157
333.6996240132929,-616.9179760068043,712.781012522819
348.06516383799004,-677.4945151347599,647.9597392467758
267.52484382287366,-719.8444258100282,640.5110932433394
275.4583057163401,-660.7823770588552,698.2043912639996
306.03262387204194,-606.1218059733684,734.1392166677759
217.61943125394507,-608.4322032591258,763.1854539874009
374.70691352564467,-609.5886312009477,698.5674123995765
155.29721074278507,-724.8201650093889,671.2067525965998
178.2101110741727,-732.2245953226923,657.3342363786103
282.4826102422131,-569.0340873527397,772.2718318968915
132.4820282362149,-661.3586223082727,738.2772412128944
264.18782261850555,-738.9958675604278,619.7498705999895
306.4587546639509,-683.9355719301532,662.0537479226249
268.42177093835306,-719.4236912230133,640.6085430224707
328.1086117630739,-699.7252552415092,634.6095697861113
270.51768292435224,-656.2200905176263,704.4113684675157
218.43353540491637,-754.419422045456,618.981523351957
179.16465621941586,-679.6650753747646,711.3054275608995
366.6466291905258,-662.312225311941,653.3856177676164
202.896898413489,-595.8499334238397,777.042923816305
353.463031894672,-628.5893330143197,692.7765408156074
333.8400293387105,-690.8117185410348,641.3501417615115
280.5964396480889,-725.8342809040314,628.0368100050697
240.47568791822368,-748.2182554895984,618.3371941524778
304.933863994105,-674.3090755534811,672.5493358972517
170.29164926311873,-638.1086174186687,750.8782501626225
320.2303122662552,-715.3592119011656,621.0585681350834
310.67485851860926,-653.1275862915904,690.5834405119798
181.64759268535892,-613.1490771728922,768.7992984086579
156.07313387182379,-673.4717251543592,722.5489687910703
253.59024451154977,-713.1636426164267,653.5209306048597
329.92892675738875,-621.848608437159,710.2472889589136
322.54382509798495,-708.4536859134383,627.7410738567484
242.268369944424,-672.6301201655303,699.1957940166517
307.14365941552273,-615.4577576303142,725.8612271319546
309.94648728644796,-724.0044249052659,616.2392130791314
166.28725888613175,-716.7168497397312,677.2484808630376
193.97128177057138,-718.9015027702317,667.499641320491
232.44191386473494,-622.850782193755,747.0124897212406
254.04613415825196,-719.6691017826959,646.1709879424603
206.72761503365226,-673.8810455927799,709.3292814858836
371.90153268630536,-612.1833688218479,697.7970857803222
364.694729621547,-617.0332431133343,697.328997732998
305.2257077647188,-607.4061022850232,733.4133174591544
279.71060750001027,-584.5447210446137,761.622902196914
285.65331369316436,-570.4864728250582,770.030758281602
195.15831318657595,-705.6853817256665,681.1177393174182
270.7793689589396,-689.995536356243,671.2560563262421
306.93983312065103,-698.088048782522,646.8856274418825
329.44790893118676,-671.8180582166137,663.4188510699157
256.3486118170658,-700.7226372744236,665.7876349337226
333.6717381885706,-645.1388626056819,687.3565443713073
288.6075786214606,-716.5761717080816,634.9994139386646
289.34058492950504,-732.106147518134,616.6868043657236
299.55488915557515,-674.6354275937712,674.6361302349294
278.2614248858144,-711.1107845554557,645.6717676261218
143.5051839425809,-702.0465148124437,697.5220091303984
300.9819677099881,-595.0956865622868,745.1650682556075
235.13221681985286,-701.5550465734772,672.7059961384825
278.8809953153737,-734.8493490351198,618.2409115179674
167.05242432876864,-619.301725381189,767.1758992993482
275.1175001531937,-640.0751657331369,717.3661152585581
166.67792542809693,-632.5969475474473,756.3329763593798
294.4018487895775,-600.9908900510991,743.0595544805722
224.7508188544973,-653.7677771214862,722.5474123003027
179.58420437856032,-617.0024469617247,766.1967723639689
161.07510993629012,-697.5285441327517,698.2182603448981
181.5818269424203,-744.9435695178619,641.9401205394779
204.7148476500866,-703.8402790241237,680.221061696009
318.7611720342504,-617.8397866056092,718.794347007881
310.3977407158825,-708.6615119527938,633.6024810835703
228.1583649656269,-668.0110285026249,708.3113907703851
252.5402224235832,-673.6256570162153,694.5875828631831
159.25432740232958,-665.5091864339297,729.2020172597445
285.94414483523855,-675.011273939274,680.1439010160441
283.6079393089001,-719.7154584171012,633.700398987109
302.4969658648816,-704.4064894086684,642.1114259390625
292.99505663792166,-672.3231726726622,679.8054488404067
306.8799322922745,-659.5860826862105,686.1274711618453
274.531602354778,-689.100992020243,670.650596141713
268.9410177370337,-692.9537535894488,668.9438125619087
229.91964219632328,-654.77742590336,720.0024171207235
324.836662155865,-601.2726446007167,730.035855129251
308.6590083785445,-593.3589727929487,743.4075234707207
181.60151539949834,-645.7663994426533,741.6243300724951
270.5286198534881,-577.9909616247382,769.8965606627147
374.5015338686782,-662.1481566778518,649.0827526118146
305.4006513660897,-723.259969768185,619.375054612383
218.87268840908018,-653.8752598161694,724.2526429837303
233.90222609588466,-609.6525580236676,757.372766293183
307.32778967551417,-597.6495594017387,740.5164642599586
269.88554805543544,-565.447073330843,779.3788540962614
203.1333993897636,-650.2283606467298,732.0791631121767
317.165095999969,-598.8874174819434,735.3503675535485
125.94746620788489,-668.7850362667433,732.7099091874658
241.1284079666358,-716.0615555205965,655.0671260083957
372.23379991914385,-658.7607027055168,653.8167440259454
190.4058172381661,-596.549456607019,779.662985259488
187.37088290542664,-720.4587740325063,667.7060035366005
192.11400560707344,-655.4729129672396,730.37488265674
220.5585247918224,-688.0728039710551,691.3101717587158
185.41208621407696,-711.2949320771007,677.9984350182355
333.9084618550935,-692.6664062527211,639.3108701957959
165.82793563414825,-649.7666802692779,741.8250177603602
266.2046083531391,-665.7392784158501,697.0841553685574
335.40547672520603,-688.1695945745331,643.3706360146226
313.6763230652802,-585.209376347867,747.7547393248583
202.3158845146522,-733.869783290582,648.4623536074305
281.66544947638397,-652.6019171199667,703.4026672842595
298.8041699604638,-691.1412887627434,658.0575863719013
248.84926709691774,-727.5198687330012,639.3660007101124
280.8335648353406,-694.7208850485575,662.1898524888638
215.11487370428443,-609.52857481489,763.0206468997538
200.31653768128265,-728.7382344139128,654.83881255976
174.2226333442182,-636.2481242867467,751.5549203965087
344.3592406798415,-659.1711159602372,668.5133904733236
318.1186967064318,-669.6610877281131,671.0845866123001
344.69274422629303,-675.0214584494603,652.3288608596978
349.95920968364067,-674.2984423279407,650.2692997764191
308.6211728843398,-677.707561200426,667.4319689221256
334.5306449610671,-626.6405145148808,703.854326654641
321.38557999072043,-680.7262181375008,658.2728347078009
305.5777667677445,-721.292946314112,621.5776009918195
231.96670901160752,-625.5965082466313,744.8627086785503
320.1623033675957,-663.6431955413476,676.0723397048752
337.96721558948,-672.6929603200224,658.2266648522975
270.60073778148967,-686.7111350094558,674.6873778025926
314.14925722127043,-599.6130814898044,736.0532566965688
279.7181067932931,-726.0618638656465,628.1655439228733
189.59893959084917,-668.0755692958943,719.5326787686521
296.14204432396383,-687.6265354890292,662.9250615831162
317.33098144451054,-612.7399509796759,723.7753799963688
251.02031692332156,-680.9319473335719,687.9829093750984
223.31874608921905,-751.9635144465924,620.2254514176828
297.91425697963376,-694.2693387951452,655.1619499766639
318.08917493546556,-605.819985365261,729.2471612018176
261.52404909669855,-701.3699566657596,663.087743538318
336.22127145180485,-704.96239923948,624.4864068031006
314.891573596307,-699.0213180189195,642.0377666719725
162.8641654220172,-663.1730320056757,730.5318564181775
315.76716641840375,-607.1420712486769,729.1567745910057
359.389422001859,-656.8172623674867,662.8954119687735
299.85255426828104,-624.7614626201956,720.9449081056481
331.6935385556601,-621.8361717814577,709.4358124204094
322.87938982891825,-686.3087723297564,651.7124892519155
280.19360406220017,-574.3064757449824,769.1967343664512
239.69775737993055,-749.3763612969992,617.2358173634298
306.0737280101016,-659.2004426817048,686.8578087131591
338.05947311363155,-642.4931198469227,687.6906161839796
222.04040452272255,-749.106583682357,624.1293015418628
196.04488418387555,-724.1719967355685,661.1666374896351
247.27496890783254,-704.7060454048086,665.0146459451448
308.10611837029734,-613.866521526309,726.8001882030425
231.26666317846613,-667.9167118897724,707.3916853346898
233.73481943039764,-749.3907260682656,619.5010684968323
286.3491208835536,-700.6362663490689,653.5388307098918
291.767413170858,-727.4365453514249,621.0538214186998
278.94266617432606,-736.9055791973718,615.7606323364172
347.2978408478822,-631.1942394963997,693.5258046885931
283.55474301476175,-695.5037967959247,660.2054046706113
298.4960413723654,-669.9518736083223,679.7533378614081
260.34834032364955,-718.4320621994749,645.0380715078228
252.37403477366317,-703.7729396301287,664.0865877402051
350.43826238867143,-667.0658273749881,657.4315220633488
270.4080770482768,-705.8750718695322,654.6906557911423
299.48839524029296,-626.3778460446754,719.6926393265579
375.3313168256403,-661.8855918607164,648.8712244329533
246.23998390306608,-703.6344305040977,666.5316635663995
353.2639627442404,-664.3679876499396,658.6499446687942
230.4304378238968,-691.8446578407536,684.2899843936764
283.59597047576904,-697.3478433971604,658.2395542955742
315.5979299970484,-609.4365487410432,727.3135772417453
274.75509170310175,-643.0937603866025,714.8007099430157
196.84417182510913,-722.6546873496023,662.5877865386107
333.3233641527896,-672.8133573775734,660.4678046992028
288.2412279058194,-717.4180080418872,634.2147871758873
322.93548201150327,-651.043105354387,686.9174254803228
183.3536262430459,-673.8047662318305,715.799262885059
157.36753050436528,-718.9710818545185,676.9904310992149
221.098115783287,-733.6332652385009,642.5712842421265
168.16037183225927,-627.2449807948851,760.4510657582515
336.73457297492587,-594.5466733579167,730.1534637063835
303.8001522495089,-688.2117404004929,658.8399410085121
275.10929006945804,-686.0142476793321,673.5720677837216
301.7356562342375,-650.108399400091,697.3626479718754
282.2083877875253,-616.0408894872085,735.4264397899867
202.72395413421512,-708.2979780512557,676.1782107615504
321.403145718927,-716.7360103269616,618.861462221205
345.7670168055631,-653.7905953498886,673.0549959114928
347.88417261993925,-625.5235864961064,698.352951721111
273.2341867115517,-714.1562904799723,644.4562607190363
338.32355692852036,-697.6963845253363,631.4720309305144
189.93539679823525,-599.111749179377,777.8108105692054
355.09725831176655,-647.8409679170056,673.9495659378555
345.9166341168725,-601.6522671737879,719.9696046680684
229.4136669555262,-688.0740224102614,688.4210260430617
310.001910723256,-676.2563931948739,668.2635004330181
306.83149175219125,-710.9183093240234,632.8108667974951
266.5928475520837,-663.5874949704975,698.9848998031728
300.6323870411112,-638.6755298465845,708.317538563848
318.1754388347525,-668.87850020754,671.8377349348758
215.6423913282689,-711.3031351920966,668.9889452958992
290.1924208231339,-677.9805761486319,675.3744866827427
250.36855094659077,-732.6279176017409,632.9075153981353
179.15464468622548,-732.1224650641909,657.1912274488185
214.00467358945588,-738.8653660008101,638.9678948166014
202.12296411685267,-598.9956412354001,774.8229018024759
211.42967165910434,-713.3740750906031,668.1279240764825
312.1390016074472,-635.5815718475233,706.1198971869705
357.1861310544012,-610.4588052882742,706.9357218505803
274.0558345182159,-713.2064326116931,645.158882793864
274.6689686212391,-711.0799142031998,647.2420824493064
353.52599850676654,-633.9459291198399,687.8458601548582
353.6722948983402,-675.036206385286,647.4890175827718
315.3130542890239,-652.3179761425777,689.2451927987446
178.50764933996493,-667.733066001741,722.6808228360807
347.92143429245453,-629.5730493229563,694.6858650685759
318.3749393495191,-604.0500928497065,730.5894081647028
233.87432579238495,-621.9669923147792,747.3017196595127
327.0434652042711,-658.7817716538585,677.5316591892855
255.34052643100907,-605.2364335807356,753.9828081782813
301.559335968604,-604.7408848387512,737.1230759477137
201.47030455035315,-597.4552198886765,776.1810205178695
338.7531313420635,-701.6212044008655,626.8763845775543
247.82868668869932,-685.1175422516516,684.9780254527958
238.0859988952204,-659.1826955432878,713.2974351743809
331.24871110129874,-658.5603461479884,675.7015331306939
292.5865854947549,-667.4440914931488,684.7711111892831
297.37722948774604,-725.0557364211999,621.1770781869723
354.49027320416633,-678.7373654051701,643.1580171361344
290.88142958818526,-673.5217966816947,679.5265876442184
310.52179139692254,-643.8073060923819,699.3485323425767
330.22773209179394,-654.149675522135,680.4688434982133
309.0210686616221,-611.6664813005352,728.2651267063741
285.5901931097819,-674.5237971240088,680.7759460446047
319.75525913173976,-659.320705967743,680.4798167027371
337.27526312100906,-608.5836708429199,718.2418203293447
287.5495818226896,-672.904429452448,681.5532751127175
222.40283025495967,-692.1707402294275,686.6124434241125
243.10588631630273,-657.8731010753928,712.8130967650714
244.8980114189953,-682.8168247229626,688.3212533971855
288.2075557899706,-605.200901496662,742.0702619113628
292.01968631088516,-580.8829533833863,759.8022751186568
180.45264340332014,-663.7438316504696,725.8656690013017
349.88062364314266,-649.8480135808225,674.7452174296196
315.26956212370334,-614.7981535184823,722.9303795169996
142.08896802902223,-649.33443978051,747.1114444842742
324.3549850417841,-611.0393939113899,722.0974330150643
295.72347773736993,-730.7116740904478,615.311363508631
312.77997154783316,-693.5701610632251,648.9446209664341
323.8341439836191,-687.7914998664121,649.6724558590336
287.10649336037966,-688.6108913670839,665.8715354788313
291.6161299998903,-687.1736060850361,665.3964741595605
295.69449362949854,-684.4646876516773,666.3879184042025
307.4516000677685,-679.7925552144659,665.8495291661294
351.7615610221319,-658.4157777296183,665.3964741595605
344.02314440340774,-678.7007706968416,648.8554075988774
330.6670123987879,-703.0624150455023,629.5733217518398
344.65219239365587,-695.578054408591,630.3856252353838
306.56565353704246,-711.8672372580315,631.872247048423
329.60049005091105,-701.5990255287526,631.7612874617312
365.1398380495887,-666.4582271496629,650.004869315337
372.8646418211847,-662.249363514563,649.9213332428131
169.51976446419135,-739.5630567297932,651.3904624543484
186.10084550808716,-735.6275034155748,651.3206979052205
192.4928993292378,-719.2146638984739,667.5902567752389
276.152906689338,-691.687060820919,667.3144551258786
277.86398518805913,-691.5449096602641,666.7512607100097
221.45645232377748,-709.687921839699,668.804974053734
297.18997032018564,-679.4789130243587,670.8103519597199
196.0558296089997,-749.1402883222352,632.7329137075179
262.6092186994069,-728.1767892314263,633.083692633682
232.93615254116347,-722.2943544357746,651.1770990978778
244.9895498306984,-717.5483828440879,652.0003364658535
261.9685142044258,-711.7998648699523,651.700429596792
231.38616028548483,-706.7841752397222,668.5181930651144
256.1399117634127,-697.7348847604294,668.9980390032405
256.83133505179256,-698.0215634201844,668.4336633772684
256.9853057584736,-697.86192067585,668.5411672401616
295.64853690556373,-743.2355324783608,600.1607167144539
282.69634455835495,-745.9182515709696,603.0661147392146
283.19155962645186,-742.653367175715,606.8513135677557
305.7076077449301,-711.6561231892368,632.5254310256132
195.41370374741282,-748.1296121389744,634.1258296493735
244.97508407520505,-716.6571253496749,652.9852776808116
264.3901723424616,-709.6000889270111,653.1198592628319
342.6521328037526,-660.3156248100545,668.2610204977894
232.84635873059761,-704.8372268997352,670.0649646132777
303.8150660100706,-733.974054678537,607.4359988706996
285.0053034580545,-739.9855996108029,609.2563412632016
204.4260534815701,-745.0436535014923,634.9172725915547
355.7013475535426,-651.2520099557776,670.3337757245666
210.87289885809093,-710.5549751250812,671.300415501272
312.32763494533214,-728.0067176190558,610.2930997078237
273.42475350410405,-741.5077003494197,612.7032189353464
218.91270844863323,-758.7042710151837,613.5511838657002
307.70444909323083,-707.2750998299138,636.4588794013457
328.02301729234557,-697.5014556989237,637.0970251259284
342.9727046097996,-690.2272673775068,637.1467988314928
370.0764622004687,-659.9175034856985,653.8748356668792
248.72862082266815,-713.1574170681081,655.3934479870835
354.64427926951873,-649.2517110258943,672.8295853418994
296.8145914410146,-677.1988820810993,673.2776339785934
315.25429186325266,-668.7902008838516,673.3011203492362
325.1871024610533,-663.5994863270112,673.7128988964895
302.9636472701944,-708.0695887859063,637.8483251285518
365.2089639761001,-660.8476634763149,655.6697173954269
311.90617157639184,-723.590298313206,615.7366485110043
251.24811463165014,-725.7173328736602,640.4753997311545
300.70008000132594,-706.5062629118445,640.6468312210213
289.14313612764755,-696.0077151416464,657.2438720091451
190.69062190711696,-728.9309163659088,657.4928181224744
203.49855641456804,-724.4972567584931,658.5530065883879
353.45145734590466,-652.2459941771947,670.5574027477879
358.9054814627279,-648.6424719850307,671.1555698294965
178.66025857095806,-718.0121558430375,672.7102318747591
227.74415710945584,-704.8209437848659,671.8333395305076
272.1263479835788,-688.8342174985114,671.9037665740041
295.5664173899629,-728.6937653424834,617.7749503356833
320.8875335291541,-717.8740219532966,617.8090962669405
230.27706884966886,-751.0040668145857,618.8419533208445
299.555099627909,-724.2501872506828,621.0703732704245
332.1571230025698,-692.4653314180824,640.4400131337056
354.40852864612054,-680.5459155206113,641.2892106461054
181.23995754818998,-744.7080477859666,642.3098951057383
276.05543480951326,-715.1077839200184,642.194872518561
219.78992010188324,-718.5254510039626,659.8587479765346
257.7532170607674,-706.2720177608041,659.3505259138777
299.17027728513864,-689.2399925857737,659.8828515801088
213.33571413024674,-706.7111890807441,674.5718407290793
240.79497242491212,-697.5107805382316,674.9048023890722
156.83906028558988,-719.8528089014646,676.1756004806774
309.0220022495584,-720.8810771973734,620.3514122369907
279.732663893941,-731.6238838600245,621.6720432160134
326.60196158814955,-712.3407155140468,621.2099996842522
240.7213192852731,-726.0992234805981,644.0754335498522
248.31335052408141,-724.0019647073483,643.5539099806667
344.3565660193756,-668.2711575680747,659.4180884704095
175.48142655024844,-730.0575760971241,660.4711988566053
186.12357225198397,-727.6126826981077,660.2558593674298
196.53673765025945,-724.593312738895,660.5587346238541
329.1522250781219,-710.26144495137,622.2439172396251
209.38845105318788,-753.5337823328096,623.1719790304734
223.28011383762197,-749.4196674170173,623.3106391304626
279.54812273443594,-730.2103904738684,623.4144951151306
253.63573425983432,-722.023485441746,643.7010181575197
263.19194822350914,-718.2357498695891,644.1020152115524
335.60503644905504,-687.5281706919787,643.952074315294
246.69985903519208,-709.0741538616157,660.5702263025862
248.61492131972474,-708.1433809599197,660.8506434133519
254.29800870632363,-705.7342277089487,661.265243762329
261.64560128315367,-703.5956895848641,660.6774439367342
283.3110625162198,-695.4313461908937,660.3863146606326
290.05206516392167,-692.0265320052907,661.0363669987261
271.563315147462,-731.978698290462,624.8684270429424
298.60875455746094,-721.5855787090651,624.6175344166585
368.2956703102873,-671.0252193367808,643.4931656550218
357.21451322973496,-660.7100964042203,660.1969100560601
246.57172538457718,-708.0511800675098,661.7143724038942
314.8215296763074,-714.6578993953678,624.6210781618487
335.5058997796114,-687.3156434900573,644.2305467974348
356.4492479980705,-676.4000605008086,644.5361834343454
250.3213199760111,-705.8792069032909,662.6264272024235
253.93550563710775,-704.2880106936369,662.9443091014705
287.99443632974123,-725.2059905907302,625.4082473508263
289.81475511934457,-723.6832766610172,626.3305220059838
289.000981068845,-723.0278958991242,627.4624249251347
298.75478591176693,-719.2048770884396,627.2877510895751
264.6244652037752,-715.4342834653966,646.627928918919
320.7632328023575,-692.6700191959469,646.0024713491947
190.4746326366505,-738.3258875843383,646.9886382655665
274.35109024787084,-696.2709069467965,663.2784508932051
188.27670838001626,-723.2380127398478,664.4386036419785
266.35052897598973,-738.0842321957941,619.9105273329011
292.6419647561939,-585.6672277274748,755.8800029301269
318.45077858833656,-711.1166629433328,626.8191073195047
217.26321203340882,-746.2529048571595,629.2084699757127
261.7610566882618,-715.2991872223254,647.9415266523094
272.26528598707785,-711.7113241325487,647.5635915860844
353.06121849294834,-658.5402869426015,664.5844314079519
327.44725596741375,-705.3206074657559,628.7297791925781
191.0826951923695,-736.3742926832766,649.0302802437063
194.9924173076758,-720.5874294787391,665.38087864751
200.9273242786695,-718.6354187325334,665.7261789214324
213.77897742965035,-714.6982897386707,665.9616381247137
259.8078729593725,-699.2660518506152,665.9781211703424
260.02652721877007,-699.2668392936941,665.8919526520449
333.0914803250744,-703.0299696384565,628.3302694642377
288.8897937621195,-721.3827179329862,629.4042113997153
224.84777117711553,-660.8693437488367,716.0273669977046
268.721260336368,-644.2115313981325,716.0868572016294
306.402843106143,-626.6450892203057,716.5425527437624
331.65360575075755,-613.7337822418422,716.4752126400774
133.33470197317774,-666.0365187261323,733.9054523389905
165.27556277945837,-658.3543208896916,734.3388703546929
215.09373150251065,-643.8488273244416,734.2978783989963
326.7039160946648,-650.7190995837658,685.4408834066605
314.57865929305564,-639.5556313178794,701.4334334539325
365.21129778365463,-611.7910750337489,701.6640139555602
365.68713176907045,-610.9833405662148,702.119846756278
347.2247086147299,-605.8539585168088,715.8044304675188
193.44901303872817,-669.2346564852153,717.4276645860947
215.7762606309436,-662.9314264919302,716.9118000964285
337.9467101548021,-608.787642825706,717.7531797479317
246.90220174401344,-631.2213623205965,735.2543060221332
139.33844366207396,-662.1682113530982,736.286668350901
249.24671235795483,-628.2781074885248,736.9821544850244
326.690987575735,-650.6613465109115,685.5018678263384
342.4534691693177,-643.1395009125257,684.9067117643734
163.47872556972428,-709.1690927306381,685.8235226366199
223.85214095529668,-691.513036019146,686.8041496710058
301.81075307141975,-661.9475755528433,686.1017975127127
197.40665615102088,-683.3789642479203,702.8682688318717
199.53775345956143,-682.7445321801599,702.883054798169
205.72418482585397,-681.1481839278674,702.6483553738
186.91892585577622,-669.1639915876034,719.2224047674464
207.40036883551363,-663.6496345943834,718.7170858617695
226.7196677352094,-657.6008468606235,718.4422861094878
157.12630194499286,-656.3415346260272,737.9208054810778
200.42975352266902,-643.8493799522869,738.4347566561977
158.2959376519592,-655.011224674399,738.8522800082781
198.40878362796593,-644.2332183862097,738.6457303112347
244.90380481024536,-682.9312477551689,688.2056649207657
288.6525315079577,-666.5460149535572,687.3107928758137
307.5488996062657,-641.990908193957,702.3256710011912
311.5855238023482,-639.6160456547227,702.7131530701784
322.87066777328755,-634.471257050052,702.2825327949985
208.54927897767953,-678.3343211031836,704.5351283302863
315.11133224215234,-619.1434954605853,719.2817113769987
216.08844248727772,-659.6867462851109,719.804960943717
252.57404453939424,-624.0379970263566,739.4477197830453
313.35948916228847,-596.9821197270836,738.5243254477862
167.62936655398394,-651.1311322578554,740.2220234992427
200.7378446995658,-641.4150798012529,740.466753547332
253.21789986821196,-623.1489682841994,739.9770662072373
304.6347016544144,-658.6874679593843,687.9887485280416
323.90819582081207,-650.2543657771985,687.2064758628222
332.7627951438697,-644.9793029054482,687.9466701653851
334.9625780552975,-626.3122145660575,703.9411063348336
335.9193907629386,-625.627025668349,704.094445129935
359.0719772508112,-612.2206733875466,704.4523846436266
371.38510960232924,-605.8896941067946,703.5415971645464
265.6650932859802,-641.3412441959697,719.7940446422969
289.82526100061415,-630.3884420941156,720.1470198230912
289.8144282020082,-630.2498144772788,720.2727042983781
303.0534000876387,-624.8652933416017,719.5151158053843
321.5568466518658,-615.1325072180592,719.8702611824806
313.9763175471435,-594.5303234390195,740.2381822974481
314.18221662489265,-594.1382489100708,740.4655805226491
320.8553391824563,-591.0342676793242,740.0880662102828
147.47980691416493,-655.1056078867475,741.0036093487639
229.05997478282086,-687.8200696738393,688.7924794205933
298.50776332621126,-660.9780703677727,688.4773821461954
302.10832912696003,-658.4433783409627,689.3350963000913
319.6735980664375,-650.0448293555187,689.3841530869508
225.15888468572462,-687.1917978070669,690.7031994089588
354.62058678158684,-614.1966123907532,704.9870642489875
198.63464171166413,-679.6610254638248,706.1197983186287
285.64280459273806,-631.1495787768238,721.1507452635911
294.6025944972732,-626.6025014670182,721.5113418864256
302.343128781391,-623.777287608178,720.7569132119814
186.39266575406901,-665.954728299801,722.3310003095742
270.19206818717004,-609.4252485616358,745.3838693615043
298.0022900683958,-596.3988041785512,745.3208044113526
307.52989559087337,-591.9783234550368,744.9745149179469
190.24737729554417,-638.5295173530932,745.7117344530611
219.3721048569767,-629.3382571428732,745.5261482382697
234.22821670354503,-623.8237562440786,745.6413773694468
260.3720243043037,-675.5891559428602,689.7722097418052
354.59449184866,-630.8210397244387,690.1648804391373
237.76579522175885,-666.6876098113485,706.3958221469009
207.3530382593188,-675.6283104881857,707.4822284633792
245.36126228687138,-663.0224045283883,707.2475818710075
212.11002701645378,-657.9225437853421,722.5975801357931
294.8746641424466,-625.9071300382371,722.0035990313182
255.03274434258856,-620.9251257420126,741.2221580169833
315.64743838779987,-591.9438660483227,741.5990521076639
208.25651534478052,-635.9578529411067,743.092748651867
215.21193443889305,-634.8514401929586,742.0562459544395
242.39038763544005,-624.3501680320838,742.585865513376
223.48271089549857,-686.3385699911272,692.0945349252034
343.32822147225124,-617.3889519268137,707.7828864697221
174.43227745258218,-683.5678706371098,708.7371493123194
275.6604502919339,-648.9230852581089,709.1615793061164
282.4109611474639,-646.0922270131398,709.0901798903768
299.44506481455295,-622.3457032137443,723.2001651338296
350.1743911027898,-595.0947871188866,723.353364656388
311.90115630998815,-613.7202472281707,725.3034722339921
301.3595940346898,-597.814309504147,742.8327176661828
322.10518638374873,-587.3107857784983,742.5054139957051
274.8802377895888,-609.2165928920932,743.8386907237945
307.60525527475477,-593.660690044354,743.6033835475833
336.17752131686365,-638.8346938371285,692.0078815384055
129.50287236850576,-709.6375388261905,692.5630437274382
147.9171489869573,-706.333366269067,692.2526220467339
166.94203082257252,-702.1712412872871,692.1603183178776
210.0061481318812,-690.1608753132493,692.5138149767555
363.0144596010126,-605.2121902650049,708.4763276745527
183.43716109234902,-679.8492864579531,710.0392634446292
233.1044901251551,-664.4000774879158,710.0949469736726
284.06967400309804,-626.0918891290195,726.1634572729677
261.6246946122961,-635.1209485975893,726.7557360086819
265.1504019468243,-611.1282557930666,745.7999190927562
311.892815234777,-588.6977398085731,745.7599097224271
317.6745441252314,-585.6332617446769,745.7322352916744
303.8795841531402,-591.4319621837005,746.9038977287859
312.23412942917327,-649.9475903419506,692.8765966810383
312.87799429407454,-650.0810937413924,692.4607802948208
324.7342867967657,-643.7423915712492,692.9237882139163
287.53637671677035,-643.0581703359429,709.7880117533551
324.658409994408,-624.1118632087238,710.6907196678721
215.2184721677331,-669.2521784530352,711.1838938514098
288.99171823202596,-623.2548647365678,726.6616546753405
290.600515702317,-621.6310824866356,727.4105701459398
207.29157119940854,-706.4818542057664,676.6931314766413
149.0497676956739,-703.9688375662505,694.4148921829712
256.1582107472649,-672.6682563643008,694.1904550961293
275.58926551021426,-665.0168207613392,694.1204397221145
299.8362889276384,-654.7093503996858,693.8687673770331
216.97026971072242,-667.836025579837,711.9824049787914
244.6830654938275,-658.2733195554647,711.9033882641467
277.9410821680146,-645.5775933413838,711.3215347638645
279.0575011268272,-645.4837757687952,710.9694833704965
332.85538162174043,-618.617104220072,711.7023066506237
342.80550948958086,-613.5866868304362,711.3337897274648
332.0219078940067,-600.3838059585268,727.530575454515
204.4544938543206,-653.7195116343541,728.5939610313244
327.6491946349754,-601.7080338736259,728.4184561273743
205.31992841118057,-706.7222745733934,677.0430958358833
301.09279171929967,-671.4550927487402,677.1197746310909
315.5754276746256,-664.1942747717409,677.6858525957424
360.0377539387247,-623.9051649134918,693.6246542136655
369.273973841601,-617.6957086131246,694.3261076786343
236.54555856959007,-678.1571102825654,695.8082584262713
368.74490111521214,-616.488672815031,695.6787435248357
369.7140482218759,-616.7241917069954,694.9552459768511
173.47337910067725,-679.330059567641,713.034120439701
213.9113187810722,-667.7028402794847,713.032162514463
214.838664304158,-668.416544765524,712.0840336671814
256.6240453168767,-652.6409413287568,712.8842129453534
294.46311280120347,-636.4665217778971,712.8827686621212
161.75043813367367,-664.8652416741796,729.2400195937544
195.76041624875054,-655.3832449173221,729.4865740448945
206.60073550451057,-652.3303621659417,729.2333197855448
320.8382920203191,-661.9425295406206,677.4178016252962
214.93003197241887,-702.1483625523916,678.8171759180303
239.73664962144477,-694.6947290382991,678.1781272458503
220.86320807926927,-683.0470312191156,696.1797156336041
346.02058839381846,-609.9220832293296,712.9269280906638
351.887215858208,-607.4545856720003,712.1617187560823
264.7247458452527,-631.1254333703442,729.1100714503
303.3786334885792,-613.0871602928455,729.4419364326794
324.0460179682289,-602.4516312700196,729.4149780605186
147.8387246937348,-666.8458260872861,730.3837044395877
266.3807597346468,-684.4367664746597,678.6660471402001
287.1448281460334,-676.3825296574797,678.2731907153145
292.23028432736186,-673.7355224197851,678.7355204729516
294.5427942855348,-672.8427362947057,678.6215399984901
316.2923897024644,-662.5957168089303,678.9153410277044
151.85478450361651,-699.6180323330348,698.1939080640942
245.3565052144449,-673.5455575918763,697.2349440448339
246.794970435746,-672.3917241771842,697.8406779671509
298.5508700387103,-651.5624918567543,697.3762952700257
221.3076011435715,-664.1839585170717,714.0606521330458
221.5789152546123,-664.7030564295138,713.4932593149371
271.5482875361016,-645.5415278849591,713.8190690309157
273.65533517550847,-644.2269692184824,714.2019109898465
152.67125397518157,-664.7575397046844,731.2926237939369
236.0023452675423,-640.134477186546,731.1160948476838
273.5302109096161,-679.649572368539,680.6303567274992
297.9529645459462,-670.4266115863062,679.5235017239553
194.64987728505622,-688.0742642835884,699.045944200745
315.58239566156095,-641.7738827926938,698.9520977246578
310.72156591802656,-627.6453901170925,713.8020543107259
329.9116611887285,-617.5155164871475,714.0258277606667
347.2038740181484,-607.6316765543197,714.3061077119363
316.972824257163,-604.6575746657437,730.6965485629299
200.18519939574063,-650.9498540590561,732.2500757551215
287.85405763150845,-618.0568124619095,731.5366143088808
313.7165430885808,-605.3958923054607,731.4900848078706
336.7035971319746,-593.075903329208,731.3628788560661
319.6202272497097,-657.971454334149,681.847839047869
336.598838962025,-649.404934954949,681.8903519375937
131.3310011380906,-718.7792785402531,682.7214050263988
133.37869498542173,-718.1548734298119,682.9814796119999
135.92971632325316,-717.8170662471283,682.8336339289723
256.14702498756947,-684.8394396991117,682.1903278577204
367.60544420571034,-613.4371804995436,698.9714321566316
369.1604800954109,-613.0480769222222,698.4930889548522
181.81504499161716,-689.8776566448597,700.7225615583484
261.15940778075185,-664.6148729880948,700.0591648786733
271.83913429112283,-659.7308549091532,700.6130773463273
302.2930592617129,-646.3326642387575,700.6232892647976
216.00126911567634,-664.3428311221024,715.5362006754702
220.56572484325363,-662.9747172676505,715.4126678276316
240.90294019696316,-656.4111681592777,714.9056942843797
257.18993930292373,-650.4315868345676,714.697198797662
270.63341165540834,-644.0134359469355,715.5447231414516
286.9959546255351,-636.8049354872712,715.620567177628
307.68672185001424,-627.2394023570223,715.4716020416166
273.83884814407713,-622.4566340762404,733.1848497763729
316.1905837434402,-658.6076802906737,682.8319253038189
308.7761454521296,-661.2729091888692,683.6486170340833
176.36466097663344,-627.2099201769299,758.6192868562242
177.5395207997929,-626.166864441359,759.2066757015882
192.20272025923913,-622.686744075167,758.498077174897
234.92255694165013,-607.3851492748674,758.8772448033635
248.47909541744238,-601.919863239793,758.9141040841963
256.06873387435036,-598.5176710432207,759.0819461566624
291.93095911934216,-582.1651382876533,758.8544437968183
151.53617680030985,-632.6541903427786,759.4639310477282
272.08410049095073,-590.7505209760993,759.5946710098074
298.9170856599934,-576.7936933462211,760.2352341325425
300.73922850398407,-577.0488724645955,759.3224053234353
243.95804887345517,-601.4622600925672,760.7414935930587
162.5809986065394,-626.2331028242455,762.4955867539289
164.97467673544395,-626.6856839003301,761.6090924026652
172.53785081838924,-623.8774710765177,762.2385395124942
174.9597581663467,-622.8105175783396,762.5589434372756
182.1781935178425,-620.7399736064735,762.556877205635
183.98691342556614,-621.2544334471016,761.7031866878687
186.2770993419547,-619.6187074793986,762.4785240269439
263.0992304417418,-592.035047208754,761.7567182621311
265.1618355959061,-591.1773726976337,761.7076308884746
266.2349936231028,-590.4192314329867,761.9212947047664
270.58414580297926,-588.5394122713544,761.843540527424
171.62543164849598,-622.7247404840894,763.3862775819927
180.09648252919843,-621.0672924721184,762.7848157914276
301.0641688467643,-572.3338252790581,762.7544550365127
261.14234383414964,-590.267167931159,763.7992843144956
284.9931677107114,-577.8454124432554,764.7702750999794
287.60979621516907,-575.4797384876507,765.574082444837
169.78966494898174,-619.0403276547576,766.7858517301966
202.96503957406694,-608.834861453078,766.8932808351556
223.43067195906124,-601.9556124379873,766.6343166610337
263.30895196001063,-585.7167336402492,766.5535230833643
266.85959222696476,-583.7497352125491,766.8260589440977
289.038990141661,-573.3084073706734,766.664158687486
215.61296133025726,-603.7280701298617,767.4786435098176
264.028795475702,-583.326455769075,768.1269694259794
181.57799485911562,-613.3952598638448,768.6193381378779
214.8951583096726,-601.7828441863738,769.2057458040854
222.46921683308761,-599.1970035044749,769.0711271091452
282.44302854442213,-573.8839681728998,768.68922634624
213.88625497353877,-601.2082106620883,769.9359436770596
254.89622069399192,-585.588290595184,769.489616949917
198.49239494108576,-604.3379593620232,771.6063763504665
214.67880934170424,-600.0534418375553,770.6159067645385
274.09513069557113,-575.1664111152394,770.7499327627563
259.92861117470346,-579.1623000118946,772.6630231463921
282.40047054651825,-568.6709922356607,772.5692699200597
179.10698946979633,-608.5753053372308,773.0179713672655
196.5050738736036,-602.7848127246755,773.3280193361725
233.48041362634996,-589.7078184122388,773.1310272886133
287.00849630491894,-565.7107024281178,773.044322278532
279.5723503407125,-567.1274816883061,774.7294498331981
287.338323930787,-563.405601441242,774.6036508210368
201.6059562029632,-597.5674463421385,776.059395597801
184.87719490529736,-601.3238886753252,777.3223293540035
182.85397482387205,-600.4173842920369,778.5007312334519
187.11845626143565,-598.6063810899933,778.8819447417426
197.9850182328867,-632.8224297189705,748.5570819916823
257.3379890716424,-611.7115273965743,748.0549222020488
262.1052171402463,-609.6239725146323,748.1039147627441
268.46961425860474,-606.2354247289703,748.600478241579
307.7207182238235,-588.1885677472509,747.891815938142
314.26945853256706,-583.8616453396093,748.558806330519
194.9143778248014,-594.8642867873707,779.8364351722247
198.8673388660822,-593.0550606264693,780.2163011611958
276.87166652937134,-561.1132894064076,780.0602263445878
199.27737249836346,-591.1954418280852,781.5218988434319
207.06402170491646,-587.9115556269778,781.9747397938459
314.32288251154046,-583.5840249079782,748.7528373247346
197.49372818923996,-631.7314666513089,749.6076182700526
199.99727669305815,-630.3544907371748,750.1028631613382
229.08760853258295,-620.9407664837945,749.6341988832552
277.58336935979855,-600.8415670883314,749.6244955400668
318.0566385665915,-580.6182380355607,749.4814449499078
201.65499631554528,-588.4430784887707,782.9878708125918
208.1709923983874,-581.2727624151286,786.6300360386425
197.9614878697872,-584.2120043300313,787.0880403849796
208.49280705388495,-579.3756453864565,787.9432790117689
151.97877622809028,-642.4561711027403,751.1008719128333
177.38006626103456,-636.642693458764,750.4814407823828
225.95651846724397,-620.7403159830728,750.7496998836541
238.5997975511381,-616.076801841172,750.6793662021818
279.2787720664639,-598.2812963341274,751.0411825790941
306.7934620602589,-585.5791265495947,750.3165053405758
310.523959151909,-583.4857592804483,750.4127127851327
315.88525391267666,-579.9709780861834,750.8995744693691
197.88629018538225,-628.8307307150891,751.939444546563
283.53061137892786,-595.0515764887754,752.0133068831392
284.5074667461005,-594.6617860313945,751.9526990440746
292.199299676459,-590.5789935201718,752.2207267027995
310.3316423367245,-582.1213094952357,751.5510979275749
194.98641949618485,-628.9855850494474,752.567226240993
205.57781782464056,-624.5872530733336,753.4112582891009
249.9541053569126,-608.3916248062566,753.2480176414861
283.8092673633627,-592.9852451083683,753.5388502542121
282.58726723328607,-593.482762324225,753.6064272693212
252.27332653256596,-605.5719329239469,754.745521864786
284.8528960673705,-590.8241511182604,754.8414734614274
181.80860845108643,-628.9195477586524,755.9139053755605
188.838774926732,-625.6177039130686,756.9295909361127
233.21399977389768,-611.7264221958811,755.9113801874444
249.12411277314484,-604.4425606024136,756.6943685315697
271.3840980410595,-594.7601138072793,756.7106966036577
171.38621876759515,-630.4364174803227,757.0843331697746
183.36062641731147,-627.010316963394,757.1241266142002
186.03618361942313,-625.8193067153834,757.456753700564
268.6814490677687,-595.0401877730741,757.4545886466257
296.2692048272889,-582.3595615428153,757.0217297744273
215.56198625880245,-682.3557426589906,698.5153330746988
300.7275029459315,-649.1490439671404,698.6905521677335
262.70717367472133,-662.2616125043519,701.7082709381267
365.60171108241883,-610.8161865802302,702.3097429661593
332.2930162531748,-706.7053595210741,624.6189928056596
332.17871090571816,-706.9655986327848,624.3852547672819
279.3416542984742,-691.3239875203527,666.3628024227874
351.5143584285919,-672.9627127679938,650.8139849776418
261.3379568306193,-621.925092101067,738.1813138617617
304.5882698770137,-733.4598069711699,607.6698918089835
235.3265912996186,-679.7019656915097,694.7133461093143
288.7780691691558,-732.5152717816443,616.4646002598997
278.8169920009212,-649.0575130606992,707.8032422298012
312.3484891620641,-705.3392792799003,636.344971240511
162.43482544307764,-684.7077990622436,710.4858600891472
348.13324682828437,-598.4259315370816,721.5882807507152
240.2655995352882,-743.2042138788325,624.4356957707456
187.0188561133743,-641.6401310360183,743.8560947536333
265.88930968677107,-738.073953764916,620.1207251560917
264.82408260941844,-704.2567065908216,658.7038002713582
278.43150896815666,-643.3177509403448,713.1747094077101
234.5771749833452,-662.1922631286214,711.6705386830537
245.10170904624718,-679.8284539850874,691.2007127997298
214.35465395564907,-666.0219345509481,714.4696389802484
256.5044897209091,-651.6765182910868,713.8089115870036
310.72282254111576,-606.5711320128386,731.7942261050888
287.5618706801606,-723.4629055808155,627.6221751814468
254.28920873358302,-671.7096076156296,695.8039963657187
256.0875965850962,-712.3540029863193,653.4301166189357
289.3715301420689,-725.2404425581352,624.7322770766033
240.7126241900413,-741.9183634389809,625.7911588921404
350.844449985276,-648.9882930225932,675.072120172467
169.88264350863992,-674.281676528336,718.66828796925
241.3997781976729,-642.7064057389858,727.0863931529653
248.987618150425,-720.0911934183072,647.6680007296766
317.5242318426566,-645.7273885709034,694.416662992855
284.40335328805776,-725.7349390102086,626.4371723791279
211.80202728948265,-745.3781516299812,632.1007137385134
256.31664026163565,-629.8289565800814,733.2238848934433
262.6230509750828,-727.5434314161083,633.8057182605829
285.70179030271356,-628.5426218381886,723.4007599875744
183.2784989639459,-729.955071153354,658.4638075969134
214.0755784775644,-684.3551943535508,697.0147879785692
305.1665781881911,-652.0266256415049,694.0710619320355
283.87836924845396,-717.0771863874818,636.5637283379027
256.7430204487715,-723.6805613082876,640.6008637485305
246.17082276757898,-666.6420122505922,703.5540871321938
268.19151635655794,-719.2135683982996,640.9408347001731
324.2366226663902,-608.1225074955058,724.608603591809
340.7986001413244,-593.3542758610164,729.2372847428761
194.69544894490733,-675.0210391761723,711.6461753074076
238.86878149591234,-610.7170255463998,754.961204257819
371.8079058886472,-664.2699848252352,648.4630046340199
207.41852967059887,-646.629768699903,734.0623241799001
284.62399126486514,-720.4592351312245,632.3983508126731
218.89537973392018,-643.1654256976732,733.7731583522756
303.9247899677214,-649.8043261515161,696.6950981296269
179.11781756038715,-638.8285144122152,748.2078164562878
189.27859804240268,-735.0070104550439,651.1054499119491
314.37708225628455,-687.9945856916656,654.0875325298432
292.2709566155979,-607.7849288406682,738.3597823508179
245.8408796420458,-727.605422546768,640.4315818082089
345.8847645562782,-694.3635018296567,631.0491715981444
356.4116053221446,-664.868664594627,656.4452958410543
190.03726011861627,-632.7995460243797,750.6334487071225
285.23585954695017,-697.6692932737022,657.1895173018856
239.50749770106327,-711.9739685175454,660.0978917542099
249.78020826159926,-706.0839657617956,662.6124665706852
240.75135681542812,-608.9029669860064,755.827996959076
188.25499638143717,-626.3358159757036,756.4809990762986
280.9760837487835,-587.314649016271,759.0217015422492
332.1540901545456,-670.3111178500958,663.5937504830504
210.92199908179595,-611.2544161972187,762.8105590398812
283.7585481493246,-666.5064943650798,689.3839128681196
266.5564351734547,-687.475115617313,675.5187875067443
266.84227233060284,-687.926261569374,674.946412940039
297.49167282949,-571.0424865505579,765.1203716744625
189.2556041179278,-612.7092814162949,767.313268995321
240.46068044446187,-699.8862376384665,672.5607151212881
291.42808780750204,-605.9539026675767,740.1956075786967
169.39174506681192,-706.753010805348,686.8818081888586
283.00451828742536,-589.9732001040575,756.2010749713862
285.1693887791518,-699.7936405968092,654.9559376657247
211.28813902301818,-575.0378650149095,790.3725552594071
296.6481922533514,-722.3530106944045,624.6646924339075
277.37921521780623,-662.6269028976458,695.691281044565
324.0428221740859,-610.6798451125547,722.5416086086392
317.39648391259027,-618.0706632543792,719.1996435095174
317.49453133014197,-651.8034279139965,688.7303637382463
274.54170092063197,-642.6871247002769,715.2482884985444
298.9932295874754,-574.6811721044488,761.8035173780102
246.90610112719142,-621.7809209243903,743.2535661539649
298.1554621123494,-669.3706756139613,680.4749951619679
313.8480760357187,-660.8336190770855,681.761184775255
292.4650169914625,-742.4877413614294,602.6409940953125
274.4971371422723,-567.6582219835166,776.1542789389293
323.206844867142,-645.7956577440898,691.7263215101083
326.9517712658195,-639.8227225446444,695.506594491887
258.2628385823179,-670.4536278343061,695.551751583749
275.5673312825629,-711.0081429560562,646.9389975724038
248.95961045340746,-701.5293328796134,667.7392511095723
321.83359981929453,-651.3654010143828,687.1289896291136
314.7437322385442,-618.7797097339043,719.7555514465843
252.41896074223834,-601.7712408695485,757.7308505796317
266.13055246180505,-667.3217139133823,695.5977711192586
221.56446986996914,-682.4889160136682,696.5041745816945
289.5591319586549,-622.0252720099678,727.4888796952677
253.8750075741817,-655.738033737967,711.0239880894835
346.3425607316343,-633.2957400382702,692.0862202610552
289.6469339845955,-568.2328961578837,770.2051865297631
333.1878555579214,-653.9566413609685,679.2102503117833
288.97843519278746,-620.0230522593095,729.4264038685312
281.7293303785303,-744.4482426360827,605.3308173556945
365.61840363823114,-617.2899951208261,696.6177178659483
216.9464584524509,-658.3504704081754,720.7696527173389
187.30823836865554,-693.1349714849653,696.0456415665337
285.1984605265586,-699.8946922457393,654.8352906491242
259.7621339732416,-665.8155359491652,699.4378498783102
183.59799273217578,-718.5746404455059,670.7773573797255
297.7388669018168,-679.4502244061257,670.5959735119858
202.55735996062293,-699.8089438418821,685.0094583614829
204.74362030548426,-698.7789187802182,685.4108786797543
250.58728395314088,-683.9894740768216,685.10175337179
254.6234459362371,-668.2024242445441,699.0510861255209
336.16232923819587,-611.3362224057481,716.4236955711477
308.0730654712582,-607.2903677591852,732.3178241433534
246.73106590948015,-666.8898482723334,703.122828093695
295.92042543996627,-723.2235748775151,624.0022135768563
298.49538227792715,-718.3535405315133,628.3857872076624
204.5268637513461,-748.7419321341052,630.5190568635695
339.0495589866061,-698.3532639738241,630.3555466941608
206.9655398495429,-724.0548230956866,657.9588729295025
346.39686901690396,-656.0159624803807,670.561157618174
219.272361569317,-706.8318654932311,672.5387315056087
241.41801623140384,-699.3701602469628,672.7545766436905
362.15742812745424,-616.6825103950157,698.9597117323783
250.28223088510887,-650.2192849517102,717.3379164522534
328.93863677180593,-595.8565645656485,732.6351941469433
229.15451725215587,-614.9696534567921,754.5200676921485
246.79558175106092,-608.3369858627385,754.3328525654929
146.76261397715544,-638.7527890291624,755.2851181150459
176.8008593537161,-631.662468675149,754.8138722883966
323.5744691254041,-645.1268889504369,692.1783441305741
148.93538079700306,-641.6027649914753,752.4387977119105
287.7104952981527,-745.0778385664506,601.7322372720593
340.81606583839584,-696.48980329703,631.4636673393827
243.40326406728974,-711.3890583230714,659.3030098062676
303.5369680659904,-688.4154335478761,658.7484344348727
180.44212149184364,-716.6716615814452,673.6633953820062
237.37734850291787,-700.0822441389591,673.4514428368857
261.3251031960805,-690.7763653424327,674.1937433140832
289.03755837053126,-667.3558919709517,686.3624431033921
332.5839891698172,-646.0178835818228,687.0580646789275
313.5182256141774,-641.1799383181065,700.4245918770463
317.3220214509449,-639.6833681124945,700.0799406228841
226.73345459947373,-656.9185383976488,719.061871103513
224.5156752580498,-656.5907855200065,720.0564227431367
203.4672886746039,-646.1076258143023,735.6262626524498
312.2494666282246,-600.5517400267901,736.0963782964728
192.2328291464572,-626.8696391856182,755.0370817818432
194.01296161898676,-625.977524275712,755.3218584322051
242.3780029584149,-608.4451488577794,755.6767857446234
299.3401027506858,-735.9919108516078,607.2161147780976
294.57104001466246,-735.9995178226699,609.5347505675763
213.27857445134026,-733.3743402702356,645.5031577871642
235.511154382285,-725.9258012065991,646.1936453603366
259.0386430919279,-717.7767434689196,646.2936855023772
163.61148359294322,-732.6758691219193,660.6189168067748
280.71412145793244,-684.2592080522437,673.0445142855096
289.17531398544344,-680.437972299991,673.3363228236667
322.95622418611663,-664.1333448141571,674.2597255994211
281.3327578520767,-669.6888311892304,687.2908763687666
319.08811772004157,-616.2605738205632,720.0039432421403
348.3938262127573,-600.0799776953781,720.0873295829816
178.82776451396603,-669.3748454242145,721.0810959609511
263.5182352664464,-576.3602433316901,773.541860269173
285.5452619870851,-587.4298596709242,757.2252394920056
219.8213202664412,-761.0528749356442,610.3090272218734
284.2290330063803,-739.3929827932003,610.3375080989468
219.58005934300593,-759.0333015165673,612.9054125456731
319.49868799169377,-704.1767463397998,634.0786215335443
340.53439101330594,-693.6900804969017,634.6892158823867
333.9820567639481,-686.3068992058182,646.0950594627836
289.02794305624633,-692.7788546450313,660.6968341753983
330.2062838573665,-673.9157968236096,660.9094558959704
354.998466577738,-620.5582455124501,699.2020828444123
270.25783614084366,-686.2352451261233,675.3087370611745
218.8616542141426,-691.16883974744,688.7562785752497
228.2831798744067,-687.3606862946511,689.5085762504883
248.17716227905257,-681.5709552470793,688.3815287227721
142.46397941256882,-709.3036238801751,690.3567075942598
238.8804136808176,-671.7993754801784,701.15743386498
161.64718518498375,-655.7591490456867,737.4619488249195
211.85565541896062,-640.6992260322533,737.984879945839
172.3450769658166,-626.6897445814527,759.9718011098046
195.89838888113195,-618.4857929130391,760.9856405994177
305.3635088501618,-728.9134011909086,612.7302677581863
228.44996279070529,-755.7497931924108,613.7205101595952
308.8871558523124,-707.731814468751,635.3773711254112
219.5669152284688,-729.6069707972018,647.6604341019957
224.9070818941231,-714.7327510289763,662.2491216456399
296.437356720128,-689.0049386350129,661.3600290895616
301.25701814472103,-674.1821320111534,674.3312701450578
311.7389889234791,-653.50716175586,689.7442948794628
291.6920973773846,-649.0004237497776,702.6479703949848
260.9998247296622,-640.9854040954292,721.8149369663286
291.7475511070289,-627.0650436270914,722.2692001490894
295.2202155071421,-625.7964669254097,721.9583134361645
141.7771137133684,-658.0874817761932,739.4728638405707
222.9556073066751,-635.9328402822562,738.8370725816716
192.71547042444084,-618.0116862828843,762.1825916910411
306.11579315739385,-698.1184928805432,647.24314679865
363.7317374512706,-669.9121973213911,647.2378782570638
198.00720077826352,-721.8304384678946,663.1394774413627
294.41093953211737,-688.1829683500782,663.1186928119967
158.37024104138504,-704.3156426290914,691.9959120547344
206.80458130294625,-679.9917025357383,703.4508864410229
263.7085160959709,-659.4601866942609,703.9673861079302
266.40842403899654,-658.8102044731115,703.5592839861863
251.226828758308,-662.9293548501888,705.2728202546562
283.12414705743265,-650.1995058687788,705.0399420749133
175.0725814890006,-667.3521732162608,723.8719970507983
200.314867381815,-661.050650717648,723.1085610692078
207.53374963441664,-657.7842013486547,724.0508871749221
295.0186263373526,-604.1352852703169,740.259797101919
166.69712799020718,-624.2894972239151,763.2002955815254
288.4367541302647,-577.636013483557,763.6366117425364
291.5251057927928,-576.6121430418746,763.2375444048581
299.24063510484206,-729.7597399522579,614.7404039485803
224.95097650027222,-755.2083925923381,615.6763288690503
303.6201932343485,-707.0595207925106,638.6560986297728
235.65071272088608,-723.9433785066949,648.3631130087913
182.35142758755256,-724.8287706857861,664.3577425174736
213.0493692960848,-703.6407065862076,677.8640883520847
151.79845499481243,-704.7840208960656,692.9911348284061
267.73509548965455,-635.9951248742115,723.759711354108
181.06224917907286,-646.7094225638838,740.934129791106
289.3394038276906,-574.3089187185817,765.8015247261721
217.64603514248404,-755.4804074445703,617.9640421206907
299.7436589698392,-727.2099315325137,617.5106917194627
254.2817408790798,-669.3813470863931,698.0468526025386
344.7230195691244,-678.6719149081121,648.5140489566138
346.21161768216496,-661.8739651407172,664.8762065608929
187.8897874672987,-722.5389116184582,665.3081609019291
210.0150525614786,-689.2768663180152,693.3910002707104
320.1053156005675,-645.9924134569401,692.9836857245191
294.71701866384194,-643.742139839513,706.21380353597
201.45571398534256,-677.771930301624,707.1356346542481
295.6514135425757,-623.8131596517976,723.4966368377382
348.7859242156335,-595.7948905064759,723.4478747742803
156.37314149909022,-671.1022535354397,724.6855910788898
222.2170096377637,-632.2003813402004,742.2548608537066
247.91643661957818,-622.7843078687455,742.0762402383588
294.99381920890255,-570.3851961235246,766.5763984572404
177.81502145659482,-615.94121411562,767.4622068207441
176.50027106024876,-613.9766672539923,769.3375763495106
293.5161620688839,-686.0801755952593,665.6893083560309
307.549342307672,-679.3697089981953,666.2358445339203
329.41779195983423,-657.2818971549265,677.8380529394378
241.55720866079258,-678.175930066104,694.0659355010741
273.0716619920829,-665.7056478948945,694.4550797407419
247.11657723617935,-662.4779284376673,707.1466549365925
356.22945790903395,-609.4834899542168,708.2587442390416
320.3552250376948,-609.6112112550194,725.0839267996747
332.2615543324507,-601.6023627773984,726.4136952269248
133.59918142923007,-672.9146219704513,727.5556131731817
249.78440540376928,-621.2905452860261,742.7016959421042
269.112529837516,-613.9496328280775,742.0541049241092
306.10174413909766,-595.4173426975581,742.8188946506282
347.59955596176655,-668.419973575616,657.5631434473464
302.7721758505623,-723.3356006304047,620.5760375581449
235.94080522262018,-750.8627004923302,616.8769256831274
323.28348586207784,-714.6143620933516,620.3338627374584
329.7109418448062,-710.9875585342199,621.1178522932344
211.23510692667537,-754.4778612921327,621.4039639572035
331.0384728372732,-693.2212471124222,640.2013996028624
340.39115290066394,-688.0632928467318,640.8609584487649
265.9855048149304,-718.615114824089,642.5293985295209
249.5211825727615,-718.1593274916172,649.6047719839186
339.5700958515308,-679.2211326114788,650.6541347116471
183.31950159956108,-722.35596471344,666.7801890999792
251.211663904823,-701.3358121796132,667.0987771481316
234.58252093764966,-673.5039588527197,700.9732222276762
331.904682289591,-638.4377966769156,694.4324745060322
345.58083732695235,-631.2160519574405,694.3631475126429
243.73177314621634,-661.9960680149117,708.7707871320587
263.00307998618973,-653.2863749176697,709.9621766437335
200.8641745579155,-655.9262504375191,727.6086429985177
282.5229135042306,-625.9041292321992,726.928348845444
320.2883458115179,-587.2589269801331,743.3319098622528
305.7783210841688,-592.3235393399519,745.4209838062914
253.69514132874698,-583.58031750967,771.4096112192924
202.09432664927348,-627.2779516291534,752.1171813860591
357.64737903423816,-678.4272978446817,641.7357351816272
316.4223090411425,-653.7151181320594,687.4106972303089
311.8697686304494,-691.1079406953737,652.002347942237
338.0371248259786,-678.8340803903457,651.8551936895029
326.2949417620249,-657.4471207679428,679.1869362513232
159.736881242744,-700.7613450026587,695.2824362235149
221.56143949506597,-684.2663377275314,694.7590284277177
274.4414589494675,-663.7467699761999,695.788840781346
285.8420101628494,-643.0549767373993,710.4749412325001
286.52421212637967,-643.3060945901751,709.9726364645993
314.8594491905978,-587.8663022570669,745.1689324750437
176.43228135663153,-642.4674958856348,745.725932783443
272.97008354045954,-607.3587644884818,746.0580839927542
265.8187868359663,-576.8803807692626,772.366104155643
346.6337120444485,-662.0584410927578,664.4724902146919
313.6912375115679,-657.5879012125997,684.9642032159559
194.4625315798788,-615.444068186505,763.8147175497402
292.45567360946677,-730.7097396623398,616.87353269226
338.1403846748715,-672.1057302506321,658.7374041423446
290.417059465349,-679.9726757652909,673.2719300431963
299.90747744976005,-722.9915256187446,622.3654544182235
329.46534865632293,-710.663342861012,621.6190128594681
136.9196978784472,-719.3364376475507,681.0345701984637
321.6536390283098,-643.1860688042899,694.8745335641025
276.84592633589534,-645.8838637486496,711.4705669388832
327.41052188626264,-601.7992938570243,728.4503827106911
130.30414802302082,-670.87182210475,730.0354972971162
300.3147949426933,-593.2437854906191,746.9088531509642
213.10975776303763,-591.2230654356065,777.8428620506227
353.8888750669818,-634.0010651107618,687.6084013028387
280.89043633114153,-643.7307338945956,711.836571845832
227.6443755728089,-624.5688417912451,747.0554197203903
251.95909731864262,-704.2091141804384,663.7816936189013
240.06767490574765,-716.2061098556146,655.2986492209759
326.0329216864065,-661.6294148228137,675.2399954222549
288.5872138524916,-725.1703294218263,625.1763057946904
293.97451661787113,-723.9461954647658,624.0840405357119
298.38556481630025,-721.238982435128,625.1242955806456
333.2422603899595,-689.6094773610866,642.9528479009632
302.40106059940615,-649.9049415939945,697.2640571835472
341.80646992480314,-675.9794792343805,652.8553291285599
368.60754971082326,-661.8587598736353,652.7414926865893
361.46272795548526,-650.0858206812918,668.3809707405726
176.72965010235652,-720.9720547596023,670.0491974701674
212.21321648208837,-711.4296501622401,669.9502993658252
195.7622316216147,-705.7556516520146,680.8715802791049
241.14912640800154,-676.3691157980479,695.9683311956259
242.752792375508,-675.3363605225207,696.413585414651
244.32741934655635,-657.6704321078879,712.5824267314456
302.4760356245725,-632.649740569983,712.925349268474
208.78554328504666,-651.5036443733735,729.3501205068666
217.08685800962104,-649.1464658584961,729.0282312386366
289.4172077092227,-619.4577060465311,729.7327115467458
187.00770420528923,-635.384159425064,749.2096425698029
337.2805273421298,-623.7516374323404,705.1069001763412
298.5545146875225,-729.5958384236011,615.2683270855575
216.219604605131,-605.0459337331067,766.269208997356
290.90708075566783,-632.6501140601289,717.7234171642453
353.82810086200163,-605.1116375226416,713.1939295696905
338.41349300313476,-702.1254509191753,626.4951387879736
217.6944438088697,-732.6967626991247,644.7980948056295
171.87202157305347,-736.6113606262933,654.1129196069077
271.5716679869958,-705.994432400742,654.0800337618595
267.4551799626426,-693.3118406310118,669.16845289657
331.5730158108099,-653.1385962880228,680.7858027493197
322.3429784780781,-641.0264036321089,696.5487449363224
346.81866031936283,-628.6060144239442,696.1115539080834
182.64788600054158,-692.6320800030717,697.7825961502277
242.8367653859126,-656.1911346561186,714.4532876092201
204.80164444904153,-650.9439892213918,730.9775710153554
289.4267956086587,-618.3597831344775,730.6595024945516
143.70717323135543,-645.0933281797119,750.4684179230167
288.1275976860408,-595.2114919414527,750.1371656653874
196.18608465473758,-593.2855545185029,780.7197134615706
219.31197319035917,-585.1737829938221,780.6880952800872
276.2318430978842,-559.32770535924,781.5679668949547
210.8757858566525,-584.9540651681209,783.1731255492804
199.3658199274687,-707.9150557039762,677.5762272632388
214.6019440391959,-745.8294135899343,630.6223049010339
230.34853199082454,-734.5910404650826,638.2127835433098
230.7049298734021,-744.2060614536944,626.8433404190305
290.9958772314118,-722.6515933671204,626.9737427024221
340.3483890920578,-700.1558711161792,627.6501654456769
318.9281011226913,-694.8012117156114,644.6209293164414
326.1424625753669,-682.1478887591444,654.4504197926053
269.46565714501526,-705.1053689414559,655.9075226808566
305.50269506213345,-677.0252027027585,669.5558066472591
344.0246787012912,-657.4158945804683,670.4113379093734
148.02006215529315,-726.2311990552762,671.3257828493398
149.7532684836009,-726.323185802227,670.8417014054672
182.88481683032683,-718.7964786922621,670.7344973926286
282.1252313925155,-673.755269026232,682.978177741507
323.6776520188435,-655.3772611547433,682.4319915895471
303.67219257043314,-663.231720152555,684.0371955112884
170.66166401848025,-678.1695209950099,714.8151489915713
274.9317417858807,-642.3324184125021,715.4170822778333
126.6805947196197,-669.1909263302383,732.2127635044072
213.070528869536,-647.3052215456266,731.8448605319459
232.47730923059004,-640.0602103101174,732.3095164414244
195.26542142670948,-628.4414460791941,752.9493768142326
230.18983500476074,-616.3920898952624,753.0427819022182
334.6045411232782,-623.966579927531,706.190844031003
216.92550579309855,-649.4862168841247,728.7736130060941
306.72767671276307,-631.5396109147383,712.0925868059936
272.35782595524734,-625.144163398958,731.4478721065145
242.66241492623982,-601.3250561377113,761.2641652167425
242.19177955169712,-728.2552231404337,641.0830460137432
311.10575379425023,-723.0359063108118,616.7919326170003
298.68062041109187,-655.5503418847344,693.5730936575128
323.805289223516,-696.560471271378,640.2762251818124
362.41071556550645,-675.4659024146268,642.1871128561296
319.7133850134761,-707.736203285249,629.9942999762819
363.40916312672374,-675.581230601317,641.5011933073425
267.32864095531505,-712.4718382130764,648.7829201499252
265.60073039365636,-710.9287129723396,651.1809403582458
288.25583863815893,-695.0429266892432,658.6530965161121
278.5924682941653,-691.12438364336,666.883290346482
318.47973316322924,-667.3067616930135,673.2550373840971
262.2689994414928,-670.6466123479061,693.8646073105587
278.5919526724331,-661.9063429220629,695.892604577532
255.43165174087818,-668.6659857857261,698.3125881309386
232.0429709439278,-675.1175679061255,700.2658988841549
320.77963315338457,-637.7371937121393,700.2797289013478
230.86611106504972,-669.8951028319991,705.6496226622711
199.14598641212248,-680.5622772741339,705.106986809369
316.5981139068204,-633.6759035705018,705.8473514186705
332.3846298819782,-618.5450570423193,711.9848806166704
240.50222009504577,-663.5849154015152,708.3881296160447
139.24281986422986,-662.4648426969036,736.0378857822635
300.7258738118534,-606.2657871410926,736.2103939515447
322.85675795606284,-599.2126498715731,732.6033811524403
204.72460794979804,-647.2616829730883,734.2616350148268
280.46114307057184,-618.7743067150323,733.7982723997646
140.39195128071077,-657.6257305171815,740.147619449889
154.39057413479978,-657.9996133768202,737.0210712145766
211.86254353886164,-641.5681935537177,737.2275874283757
319.8165172660422,-683.1233947751238,656.5514624115384
198.75956245824062,-726.8476205906468,657.4094407392732
169.12606990027882,-642.7835795919815,747.1449941524099
244.37078505625973,-629.155083156529,737.8663840759303
262.1126362412289,-622.5677668833621,737.364456398962
258.79813503473684,-705.5564234958836,659.707252170415
241.3276896462887,-710.0773772639966,661.476427779455
167.06270230633066,-632.7223258411011,756.1431821291083
188.2365369493049,-623.6811344817419,758.6757203502036
153.19997052058488,-655.7154349131224,739.3017228771936
210.71327410666885,-712.7093360989029,669.0630152330264
279.6415220036036,-576.7869697326257,767.5398430818841
203.46064986669023,-587.8638984893416,782.9558102528757
255.58036131736478,-621.9473466243254,740.175774350827
217.56741252799054,-630.8778272051046,744.7533740419318
220.71305057658898,-579.1195071142577,784.797009286424
215.66462053881838,-749.9403175680674,625.3625280857127
207.3746992801869,-742.3215278702422,637.145574699253
242.36543688440722,-658.732805955369,712.2710757583776
255.5737486947644,-653.0792458703327,712.8601248432565
302.11698816408216,-633.365023287379,712.4423294125932
153.10284527464202,-647.8190901947189,746.2505913887744
254.51996320654658,-614.9639649821297,746.3503936508615
248.3460168716708,-616.4072047754208,747.2391945052991
262.202834130267,-608.270223563539,749.1708809744396
320.95128330512193,-699.802773554539,638.1742331606393
280.07927047682165,-709.9501211356494,646.1628492482744
193.6609773127199,-673.4787184905671,713.3875816178647
220.95706767488628,-662.7103796937633,715.5368102974603
298.0943198685247,-632.6407122525108,714.7765424681742
249.00823588289379,-652.2947764392017,715.895539232241
257.45961897216387,-607.7072423102225,751.2698930759923
198.74260779650507,-626.7996056358365,753.4080104571522
231.55189846151725,-612.9072514862004,755.4656970336237
169.52789182612375,-736.3314461798395,655.0391555164441
262.8070076075206,-704.7122273419208,659.0243951381237
176.0330980381762,-672.3237732797661,719.0223169540285
278.5702843976811,-635.0425504354555,720.4995182420506
233.3234830651109,-652.5413580628248,720.9368406926428
239.75490920371857,-610.0679716249371,755.2050407075893
244.8557813819067,-607.0145750951611,756.028406837929
282.2400964515006,-589.341300926755,756.9791007531236
177.17752754555033,-628.4071629318622,757.4381567552388
169.5136165996193,-628.8191747557856,758.8488513839696
303.6820061602823,-646.4215930078647,699.9402568988592
373.89023468791885,-606.2836453636486,701.87337445552
246.90157324745542,-704.018662976253,665.880871709843
231.73249396272263,-609.4555657105756,758.1978400564188
174.08313640048402,-688.3654136842817,704.1648378499441
335.418403038998,-625.221181478586,704.6935285166803
308.6493123444497,-655.2306137785047,689.4986909028489
242.57232704001646,-678.7568117999066,693.1434603237756
321.3221963545196,-612.1163306784423,722.5411018389663
211.19061401621573,-657.2744630235594,723.4561526509711
263.10233874686617,-637.9513727507451,723.736972491643
263.83983214336456,-637.5428308496073,723.8284892202229
247.7381625772882,-595.5235655744838,764.1841961518719
177.4494689415441,-613.912531328927,769.1703906480496
365.36652711987676,-615.4276154164234,698.3954116710787
315.7315573798627,-635.8177961178395,704.3076840517502
174.91972466675838,-686.4551618683034,705.8203742219877
215.73074160563363,-669.218061454313,711.0607803483571
281.367703624036,-641.2839860864517,713.8536716627635
205.62942917687351,-674.7116083848819,708.8587894405197
277.6954829517788,-633.0912610602318,722.5515026054155
216.72137777760526,-594.1645201713944,774.5969063865883
272.17963985688084,-568.8466448649092,776.1003403383577
230.98790204245802,-584.7660550970774,777.6202478821046
220.90939459530688,-579.2898257432612,784.6160444254739
184.44358281877794,-672.9241210295979,716.3474660341276
276.07383448550934,-636.9031070635517,719.8178034233812
142.8130957664023,-670.1239113364218,728.3806443974139
291.6269034171548,-619.5147354410412,728.8039803505043
317.4098359044798,-607.6596097749756,728.0115347432454
226.52201449794467,-758.9254390538665,610.5079482731479
339.22682253085253,-701.6609420591352,626.5756819924536
277.0135984756519,-568.517492646355,774.629799849368
180.6219074854843,-659.8949536064321,729.3246031370874
251.23620755778154,-634.403030811179,731.0356780004472
317.60802396852625,-604.0833944871655,730.8956119827725
193.2121022570024,-651.8816291979791,733.2935463070831
306.2680554413565,-607.284994684967,733.0789953658813
